run,discarded,section,pattern,n,nops,param_set,label,segment_size,shortcuts_per_junction,max_skip_level,level_probability,local_interval,sub_interval,t_j,soft_pct,hard_pct,flagged_ratio_limit,min_seg_len_pct,max_suboptimal_segments,min_suboptimal_events_before_global,emergency_hard_segment_ratio,stop_crash_local_sub,block_size,jli_avg_us,jli_min_us,jli_max_us,jli_p50_us,jli_p95_us,jli_p99_us,jli_stddev_us,jli_jitter_us,jli_ci_lo_us,jli_ci_hi_us,sl_avg_us,sl_min_us,sl_max_us,sl_p50_us,sl_p95_us,sl_p99_us,sl_stddev_us,sl_jitter_us,sl_ci_lo_us,sl_ci_hi_us,ratio,win_rate,jli_mem_bytes,sl_mem_bytes,jli_steps_avg,jli_steps_p99,jli_dissolve_rate,jli_rebuild_rate,jli_local_scan,jli_sub_scan,jli_local_rebuild,jli_sub_rebuild,jli_global_rebuild,jli_rebuild_node_touches,jli_effective_cost,jli_efficiency,mem_ratio,repetition,seed,base_seed,repetitions_count,eval_id
1,False,INSERT,adversarial,50000,2000000,0,1024-32-3-0.50,1024,32,3,0.500000,2500000,2600000,0.320106,0.296353,0.452642,0.399400,0.217527,0.396621,2,0.756478,0.069413,10,0.10924,0.09255,0.12960,0.10799,0.12508,0.12837,0.00962,0.02038,0.10564,0.11283,0.19900,0.18249,0.21344,0.19838,0.21112,0.21303,0.00904,0.01465,0.19562,0.20237,0.544361,1.000000,49216912,82015632,3.40,3.40,0.000000,0.000000,0,0,0,0,0,0,5.376271e+06,1.860025e-07,0.600092,0,43,43,30,1
1,False,INSERT,adversarial,50000,2000000,0,1024-32-3-0.50,1024,32,3,0.500000,2500000,2600000,0.320106,0.296353,0.452642,0.399400,0.217527,0.396621,2,0.756478,0.069413,10,0.17570,0.10433,0.21537,0.18306,0.20876,0.21361,0.02921,0.03056,0.16480,0.18661,0.28307,0.18967,0.33545,0.28939,0.32220,0.33208,0.03435,0.04270,0.27025,0.29590,0.632571,1.000000,49216912,65615624,3.40,3.40,0.000000,0.000000,0,0,0,0,0,0,8.647545e+06,1.156398e-07,0.750079,0,43,43,30,1
1,False,INSERT,adversarial,50000,2000000,0,8192-24-1-0.50,8192,24,1,0.500000,2500000,2600000,0.318602,0.178539,0.459105,0.327735,0.143966,0.501797,5,0.864102,0.061065,8,0.05243,0.05066,0.05596,0.05192,0.05508,0.05578,0.00175,0.00386,0.05118,0.05369,0.10596,0.10212,0.11230,0.10540,0.11051,0.11194,0.00297,0.00655,0.10383,0.10809,0.492625,1.000000,49202672,65574112,1.00,1.00,0.000000,0.000000,0,0,0,0,0,0,2.579868e+06,3.876168e-07,0.750337,0,43,43,10,1
10,False,INSERT,adversarial,50000,2000000,0,1024-32-3-0.50,1024,32,3,0.500000,2500000,2600000,0.320106,0.296353,0.452642,0.399400,0.217527,0.396621,2,0.756478,0.069413,10,0.15566,0.10188,0.18185,0.16197,0.17646,0.18042,0.02161,0.01845,0.14759,0.16373,0.26881,0.18418,0.30341,0.27527,0.29793,0.30183,0.02806,0.02656,0.25834,0.27929,0.588411,1.000000,49216896,82020960,3.20,3.20,0.000000,0.000000,0,0,0,0,0,0,7.661082e+06,1.305299e-07,0.600053,0,52,52,30,1
10,False,INSERT,adversarial,50000,2000000,0,1024-32-3-0.50,1024,32,3,0.500000,2500000,2600000,0.320106,0.296353,0.452642,0.399400,0.217527,0.396621,2,0.756478,0.069413,10,0.11329,0.08074,0.13154,0.11426,0.12745,0.13067,0.00997,0.01640,0.10956,0.11701,0.19595,0.17513,0.21556,0.19579,0.21128,0.21457,0.00954,0.01878,0.19238,0.19951,0.583610,1.000000,49216896,65620952,3.20,3.20,0.000000,0.000000,0,0,0,0,0,0,5.575685e+06,1.793502e-07,0.750018,0,52,52,30,1
2,False,INSERT,adversarial,50000,2000000,0,1024-32-3-0.50,1024,32,3,0.500000,2500000,2600000,0.320106,0.296353,0.452642,0.399400,0.217527,0.396621,2,0.756478,0.069413,10,0.11381,0.09789,0.12875,0.11334,0.12802,0.12859,0.00901,0.01524,0.11045,0.11717,0.20181,0.17356,0.21948,0.20164,0.21739,0.21890,0.01051,0.01726,0.19788,0.20573,0.562098,1.000000,49216896,82016672,3.37,3.37,0.000000,0.000000,0,0,0,0,0,0,5.601283e+06,1.785305e-07,0.600084,0,44,44,30,1
2,False,INSERT,adversarial,50000,2000000,0,1024-32-3-0.50,1024,32,3,0.500000,2500000,2600000,0.320106,0.296353,0.452642,0.399400,0.217527,0.396621,2,0.756478,0.069413,10,0.11571,0.09800,0.13883,0.11402,0.12869,0.13589,0.00940,0.02187,0.11220,0.11922,0.19490,0.16739,0.21070,0.19664,0.20977,0.21069,0.01081,0.01406,0.19086,0.19893,0.579822,1.000000,49216896,65616664,3.37,3.37,0.000000,0.000000,0,0,0,0,0,0,5.694833e+06,1.755978e-07,0.750067,0,44,44,30,1
2,False,INSERT,adversarial,50000,2000000,0,8192-24-1-0.50,8192,24,1,0.500000,2500000,2600000,0.318602,0.178539,0.459105,0.327735,0.143966,0.501797,5,0.864102,0.061065,8,0.05323,0.05014,0.05963,0.05253,0.05793,0.05929,0.00273,0.00676,0.05127,0.05518,0.10499,0.09786,0.10761,0.10529,0.10732,0.10755,0.00280,0.00226,0.10299,0.10700,0.498925,1.000000,49202672,65615248,1.00,1.00,0.000000,0.000000,0,0,0,0,0,0,2.618817e+06,3.818519e-07,0.749866,0,44,44,10,1
3,False,INSERT,adversarial,50000,2000000,0,1024-32-3-0.50,1024,32,3,0.500000,2500000,2600000,0.320106,0.296353,0.452642,0.399400,0.217527,0.396621,2,0.756478,0.069413,10,0.11197,0.09506,0.13219,0.11116,0.13127,0.13199,0.01094,0.02083,0.10788,0.11606,0.19715,0.17731,0.21454,0.19758,0.21011,0.21353,0.00945,0.01595,0.19363,0.20068,0.562604,1.000000,49216904,81995952,3.33,3.33,0.000000,0.000000,0,0,0,0,0,0,5.510822e+06,1.814611e-07,0.600236,0,45,45,30,1
3,False,INSERT,adversarial,50000,2000000,0,1024-32-3-0.50,1024,32,3,0.500000,2500000,2600000,0.320106,0.296353,0.452642,0.399400,0.217527,0.396621,2,0.756478,0.069413,10,0.11398,0.09396,0.13459,0.11606,0.12655,0.13245,0.01026,0.01639,0.11015,0.11782,0.19272,0.16600,0.21089,0.19441,0.20982,0.21077,0.01128,0.01636,0.18851,0.19694,0.596996,1.000000,49216904,65595944,3.33,3.33,0.000000,0.000000,0,0,0,0,0,0,5.609967e+06,1.782542e-07,0.750304,0,45,45,30,1
3,False,INSERT,adversarial,50000,2000000,0,8192-24-1-0.50,8192,24,1,0.500000,2500000,2600000,0.318602,0.178539,0.459105,0.327735,0.143966,0.501797,5,0.864102,0.061065,8,0.05264,0.05021,0.05345,0.05298,0.05338,0.05344,0.00096,0.00046,0.05195,0.05333,0.10569,0.10192,0.10806,0.10695,0.10787,0.10802,0.00244,0.00107,0.10394,0.10743,0.495360,1.000000,49202672,65583648,1.00,1.00,0.000000,0.000000,0,0,0,0,0,0,2.590109e+06,3.860841e-07,0.750228,0,45,45,10,1
4,False,INSERT,adversarial,50000,2000000,0,1024-32-3-0.50,1024,32,3,0.500000,2500000,2600000,0.320106,0.296353,0.452642,0.399400,0.217527,0.396621,2,0.756478,0.069413,10,0.14712,0.10938,0.19274,0.14598,0.18429,0.19104,0.02530,0.04506,0.13767,0.15656,0.25232,0.19189,0.31506,0.26461,0.29799,0.31028,0.04171,0.04566,0.23675,0.26790,0.551673,1.000000,49216904,81992176,3.40,3.40,0.000000,0.000000,0,0,0,0,0,0,7.240606e+06,1.381100e-07,0.600263,0,46,46,30,1
4,False,INSERT,adversarial,50000,2000000,0,1024-32-3-0.50,1024,32,3,0.500000,2500000,2600000,0.320106,0.296353,0.452642,0.399400,0.217527,0.396621,2,0.756478,0.069413,10,0.11477,0.09793,0.14670,0.11485,0.12864,0.14174,0.01008,0.02689,0.11101,0.11854,0.19611,0.16908,0.21946,0.19669,0.21448,0.21836,0.01242,0.02166,0.19147,0.20075,0.583929,1.000000,49216904,65592168,3.40,3.40,0.000000,0.000000,0,0,0,0,0,0,5.648819e+06,1.770281e-07,0.750347,0,46,46,30,1
4,False,INSERT,adversarial,50000,2000000,0,8192-24-1-0.50,8192,24,1,0.500000,2500000,2600000,0.318602,0.178539,0.459105,0.327735,0.143966,0.501797,5,0.864102,0.061065,8,0.05281,0.05051,0.05563,0.05272,0.05494,0.05550,0.00149,0.00278,0.05174,0.05388,0.10363,0.09767,0.11072,0.10370,0.10927,0.11043,0.00391,0.00674,0.10083,0.10643,0.508354,1.000000,49202672,65600096,1.00,1.00,0.000000,0.000000,0,0,0,0,0,0,2.598438e+06,3.848466e-07,0.750040,0,46,46,10,1
5,False,INSERT,adversarial,50000,2000000,0,1024-32-3-0.50,1024,32,3,0.500000,2500000,2600000,0.320106,0.296353,0.452642,0.399400,0.217527,0.396621,2,0.756478,0.069413,10,0.15496,0.10527,0.17982,0.16140,0.17757,0.17943,0.02177,0.01804,0.14683,0.16309,0.26535,0.18709,0.31394,0.27003,0.29187,0.30756,0.02700,0.03753,0.25527,0.27543,0.597693,1.000000,49216896,81981120,3.33,3.33,0.000000,0.000000,0,0,0,0,0,0,7.626565e+06,1.311206e-07,0.600344,0,47,47,30,1
5,False,INSERT,adversarial,50000,2000000,0,1024-32-3-0.50,1024,32,3,0.500000,2500000,2600000,0.320106,0.296353,0.452642,0.399400,0.217527,0.396621,2,0.756478,0.069413,10,0.11595,0.08707,0.15603,0.11348,0.13655,0.15065,0.01359,0.03717,0.11087,0.12102,0.19366,0.17184,0.21031,0.19421,0.20581,0.20917,0.00913,0.01496,0.19025,0.19707,0.584322,1.000000,49216896,65581112,3.33,3.33,0.000000,0.000000,0,0,0,0,0,0,5.706503e+06,1.752387e-07,0.750474,0,47,47,30,1
5,False,INSERT,adversarial,50000,2000000,0,8192-24-1-0.50,8192,24,1,0.500000,2500000,2600000,0.318602,0.178539,0.459105,0.327735,0.143966,0.501797,5,0.864102,0.061065,8,0.05460,0.05321,0.05635,0.05437,0.05621,0.05632,0.00111,0.00195,0.05381,0.05539,0.10466,0.09998,0.11027,0.10446,0.10934,0.11009,0.00362,0.00562,0.10207,0.10725,0.520497,1.000000,49202672,65588080,1.00,1.00,0.000000,0.000000,0,0,0,0,0,0,2.686494e+06,3.722324e-07,0.750177,0,47,47,10,1
6,False,INSERT,adversarial,50000,2000000,0,1024-32-3-0.50,1024,32,3,0.500000,2500000,2600000,0.320106,0.296353,0.452642,0.399400,0.217527,0.396621,2,0.756478,0.069413,10,0.15612,0.10325,0.18119,0.16433,0.17808,0.18067,0.02297,0.01634,0.14754,0.16469,0.26971,0.18674,0.31605,0.27289,0.30135,0.31319,0.02837,0.04030,0.25911,0.28030,0.602172,1.000000,49216912,81985696,3.27,3.27,0.000000,0.000000,0,0,0,0,0,0,7.683605e+06,1.301472e-07,0.600311,0,48,48,30,1
6,False,INSERT,adversarial,50000,2000000,0,1024-32-3-0.50,1024,32,3,0.500000,2500000,2600000,0.320106,0.296353,0.452642,0.399400,0.217527,0.396621,2,0.756478,0.069413,10,0.11348,0.09511,0.13700,0.11104,0.13097,0.13579,0.01056,0.02474,0.10953,0.11742,0.19317,0.17219,0.21846,0.19145,0.21427,0.21792,0.01102,0.02648,0.18906,0.19729,0.580019,1.000000,49216912,65585688,3.27,3.27,0.000000,0.000000,0,0,0,0,0,0,5.584892e+06,1.790545e-07,0.750422,0,48,48,30,1
7,False,INSERT,adversarial,50000,2000000,0,1024-32-3-0.50,1024,32,3,0.500000,2500000,2600000,0.320106,0.296353,0.452642,0.399400,0.217527,0.396621,2,0.756478,0.069413,10,0.15802,0.10443,0.18566,0.16264,0.17965,0.18410,0.02216,0.02146,0.14975,0.16630,0.26522,0.18706,0.31064,0.26817,0.30150,0.30853,0.02890,0.04035,0.25443,0.27601,0.606466,1.000000,49216896,81990000,3.20,3.20,0.000000,0.000000,0,0,0,0,0,0,7.777491e+06,1.285762e-07,0.600279,0,49,49,30,1
7,False,INSERT,adversarial,50000,2000000,0,1024-32-3-0.50,1024,32,3,0.500000,2500000,2600000,0.320106,0.296353,0.452642,0.399400,0.217527,0.396621,2,0.756478,0.069413,10,0.11180,0.08848,0.13406,0.11225,0.12520,0.13185,0.00979,0.01960,0.10814,0.11546,0.19452,0.16975,0.22739,0.19488,0.21444,0.22427,0.01232,0.02939,0.18992,0.19912,0.576003,1.000000,49216896,65589992,3.20,3.20,0.000000,0.000000,0,0,0,0,0,0,5.502365e+06,1.817400e-07,0.750372,0,49,49,30,1
8,False,INSERT,adversarial,50000,2000000,0,1024-32-3-0.50,1024,32,3,0.500000,2500000,2600000,0.320106,0.296353,0.452642,0.399400,0.217527,0.396621,2,0.756478,0.069413,10,0.16540,0.10407,0.21173,0.17218,0.18734,0.20467,0.02608,0.03248,0.15566,0.17513,0.27461,0.19567,0.32951,0.28507,0.31152,0.32577,0.03113,0.04070,0.26299,0.28623,0.604017,1.000000,49216904,82005600,3.30,3.30,0.000000,0.000000,0,0,0,0,0,0,8.140348e+06,1.228449e-07,0.600165,0,50,50,30,1
8,False,INSERT,adversarial,50000,2000000,0,1024-32-3-0.50,1024,32,3,0.500000,2500000,2600000,0.320106,0.296353,0.452642,0.399400,0.217527,0.396621,2,0.756478,0.069413,10,0.11146,0.08781,0.13422,0.11133,0.12657,0.13248,0.01120,0.02115,0.10727,0.11564,0.19068,0.16605,0.21534,0.19412,0.20761,0.21358,0.01302,0.01947,0.18582,0.19554,0.573538,1.000000,49216904,65605592,3.30,3.30,0.000000,0.000000,0,0,0,0,0,0,5.485518e+06,1.822982e-07,0.750194,0,50,50,30,1
9,False,INSERT,adversarial,50000,2000000,0,1024-32-3-0.50,1024,32,3,0.500000,2500000,2600000,0.320106,0.296353,0.452642,0.399400,0.217527,0.396621,2,0.756478,0.069413,10,0.16449,0.10485,0.19076,0.17002,0.18711,0.18972,0.02313,0.01970,0.15585,0.17312,0.27489,0.19166,0.32038,0.28166,0.30309,0.31672,0.02893,0.03505,0.26409,0.28570,0.603613,1.000000,49216896,81999280,3.30,3.30,0.000000,0.000000,0,0,0,0,0,0,8.095542e+06,1.235248e-07,0.600211,0,51,51,30,1
9,False,INSERT,adversarial,50000,2000000,0,1024-32-3-0.50,1024,32,3,0.500000,2500000,2600000,0.320106,0.296353,0.452642,0.399400,0.217527,0.396621,2,0.756478,0.069413,10,0.11294,0.09098,0.13058,0.11377,0.12426,0.12890,0.00891,0.01513,0.10961,0.11627,0.19303,0.17509,0.21227,0.19384,0.21007,0.21190,0.01037,0.01806,0.18916,0.19690,0.586928,1.000000,49216896,65599272,3.30,3.30,0.000000,0.000000,0,0,0,0,0,0,5.558473e+06,1.799055e-07,0.750266,0,51,51,30,1
1,False,INSERT,hotspot,50000,2000000,0,256-32-4-0.50,256,32,4,0.500000,2500000,2600000,0.131035,0.290873,0.532200,0.352281,0.141905,0.340356,5,0.750369,0.037868,20,0.65166,0.61026,0.71764,0.64603,0.70441,0.71491,0.02560,0.06888,0.64210,0.66122,0.45185,0.38533,0.50230,0.45535,0.48491,0.49880,0.02226,0.04346,0.44354,0.46016,1.418758,0.000000,3590704,5888648,20.01,32.80,0.000000,0.000000,0,0,0,0,0,0,2.339903e+06,4.273682e-07,0.609767,0,43,43,30,1
1,False,INSERT,hotspot,50000,2000000,0,256-32-4-0.50,256,32,4,0.500000,2500000,2600000,0.131035,0.290873,0.532200,0.352281,0.141905,0.340356,5,0.750369,0.037868,20,0.78611,0.59588,0.91712,0.84125,0.89327,0.91113,0.11183,0.06988,0.74436,0.82786,0.51543,0.37593,0.60304,0.55430,0.58148,0.59726,0.07077,0.04296,0.48901,0.54185,1.517674,0.000000,3590704,4713632,20.01,32.80,0.000000,0.000000,0,0,0,0,0,0,2.822696e+06,3.542712e-07,0.761770,0,43,43,30,1
1,False,INSERT,hotspot,50000,2000000,0,256-32-4-0.50,256,32,4,0.500000,2500000,2600000,0.139407,0.268887,0.560038,0.304008,0.153014,0.546747,4,0.969262,0.056850,24,0.50075,0.45712,0.56444,0.49835,0.55536,0.56262,0.03377,0.06427,0.47659,0.52490,0.34417,0.29442,0.44796,0.33069,0.41913,0.44220,0.04702,0.11151,0.31054,0.37781,1.507007,0.000000,3589040,4690080,20.16,32.90,0.000000,0.000000,0,0,0,0,0,0,1.797198e+06,5.564219e-07,0.765241,0,43,43,10,1
10,False,INSERT,hotspot,50000,2000000,0,256-32-4-0.50,256,32,4,0.500000,2500000,2600000,0.131035,0.290873,0.532200,0.352281,0.141905,0.340356,5,0.750369,0.037868,20,0.63555,0.60361,0.67380,0.63711,0.66351,0.67098,0.01867,0.03387,0.62858,0.64252,0.44343,0.41753,0.48540,0.44189,0.47621,0.48422,0.01678,0.04233,0.43716,0.44969,1.441801,0.000000,3589240,5874688,19.85,32.57,0.000000,0.000000,0,0,0,0,0,0,2.281137e+06,4.383778e-07,0.610967,0,52,52,30,1
10,False,INSERT,hotspot,50000,2000000,0,256-32-4-0.50,256,32,4,0.500000,2500000,2600000,0.131035,0.290873,0.532200,0.352281,0.141905,0.340356,5,0.750369,0.037868,20,0.82711,0.62756,0.90827,0.82980,0.89436,0.90441,0.06145,0.07461,0.80417,0.85006,0.54940,0.39686,0.61076,0.55234,0.59643,0.60709,0.03691,0.05475,0.53562,0.56318,1.502335,0.000000,3589240,4700152,19.85,32.57,0.000000,0.000000,0,0,0,0,0,0,2.968708e+06,3.368468e-07,0.763643,0,52,52,30,1
2,False,INSERT,hotspot,50000,2000000,0,256-32-4-0.50,256,32,4,0.500000,2500000,2600000,0.131035,0.290873,0.532200,0.352281,0.141905,0.340356,5,0.750369,0.037868,20,0.62820,0.57650,0.67499,0.62968,0.65886,0.67099,0.02143,0.04132,0.62019,0.63620,0.44184,0.42050,0.49995,0.43881,0.46887,0.49430,0.01584,0.05550,0.43592,0.44775,1.434978,0.000000,3590472,5879704,19.96,32.67,0.000000,0.000000,0,0,0,0,0,0,2.255520e+06,4.433567e-07,0.610655,0,44,44,30,1
2,False,INSERT,hotspot,50000,2000000,0,256-32-4-0.50,256,32,4,0.500000,2500000,2600000,0.131035,0.290873,0.532200,0.352281,0.141905,0.340356,5,0.750369,0.037868,20,0.82866,0.63807,1.08606,0.85331,0.93439,1.04240,0.10485,0.18909,0.78951,0.86781,0.54758,0.41447,0.67873,0.57696,0.62300,0.66390,0.07105,0.08693,0.52105,0.57411,1.478978,0.000000,3590472,4704760,19.96,32.67,0.000000,0.000000,0,0,0,0,0,0,2.975273e+06,3.361036e-07,0.763157,0,44,44,30,1
2,False,INSERT,hotspot,50000,2000000,0,256-32-4-0.50,256,32,4,0.500000,2500000,2600000,0.139407,0.268887,0.560038,0.304008,0.153014,0.546747,4,0.969262,0.056850,24,0.46021,0.39072,0.50987,0.47361,0.50981,0.50986,0.04525,0.03625,0.42784,0.49258,0.31267,0.26012,0.38300,0.31527,0.37431,0.38126,0.03839,0.06599,0.28521,0.34013,1.502227,0.000000,3587264,4697104,20.13,32.90,0.000000,0.000000,0,0,0,0,0,0,1.650890e+06,6.057339e-07,0.763718,0,44,44,10,1
3,False,INSERT,hotspot,50000,2000000,0,256-32-4-0.50,256,32,4,0.500000,2500000,2600000,0.131035,0.290873,0.532200,0.352281,0.141905,0.340356,5,0.750369,0.037868,20,0.64258,0.61349,0.66936,0.63870,0.66794,0.66932,0.01796,0.03062,0.63588,0.64929,0.45288,0.41537,0.48828,0.45232,0.48483,0.48779,0.01741,0.03547,0.44638,0.45938,1.412068,0.000000,3592392,5879288,20.02,32.67,0.000000,0.000000,0,0,0,0,0,0,2.308410e+06,4.331986e-07,0.611025,0,45,45,30,1
3,False,INSERT,hotspot,50000,2000000,0,256-32-4-0.50,256,32,4,0.500000,2500000,2600000,0.131035,0.290873,0.532200,0.352281,0.141905,0.340356,5,0.750369,0.037868,20,0.88535,0.79133,1.08053,0.88458,0.96882,1.05046,0.06512,0.16588,0.86103,0.90966,0.58829,0.45461,0.70644,0.57580,0.68514,0.70545,0.05270,0.12965,0.56862,0.60797,1.536263,0.000000,3592392,4703704,20.02,32.67,0.000000,0.000000,0,0,0,0,0,0,3.180518e+06,3.144142e-07,0.763737,0,45,45,30,1
3,False,INSERT,hotspot,50000,2000000,0,256-32-4-0.50,256,32,4,0.500000,2500000,2600000,0.139407,0.268887,0.560038,0.304008,0.153014,0.546747,4,0.969262,0.056850,24,0.54592,0.46856,0.64368,0.55023,0.61396,0.63773,0.04861,0.08750,0.51115,0.58069,0.38222,0.31594,0.45729,0.37414,0.45451,0.45673,0.05022,0.08259,0.34629,0.41814,1.470661,0.000000,3590024,4696400,20.15,32.90,0.000000,0.000000,0,0,0,0,0,0,1.959853e+06,5.102423e-07,0.764420,0,45,45,10,1
4,False,INSERT,hotspot,50000,2000000,0,256-32-4-0.50,256,32,4,0.500000,2500000,2600000,0.131035,0.290873,0.532200,0.352281,0.141905,0.340356,5,0.750369,0.037868,20,0.64045,0.59640,0.72059,0.64046,0.68101,0.70964,0.02572,0.06917,0.63085,0.65005,0.44283,0.40403,0.47721,0.44304,0.46338,0.47366,0.01466,0.03062,0.43736,0.44831,1.445608,0.000000,3591096,5870688,19.96,32.60,0.000000,0.000000,0,0,0,0,0,0,2.299917e+06,4.347982e-07,0.611699,0,46,46,30,1
4,False,INSERT,hotspot,50000,2000000,0,256-32-4-0.50,256,32,4,0.500000,2500000,2600000,0.131035,0.290873,0.532200,0.352281,0.141905,0.340356,5,0.750369,0.037868,20,0.87603,0.65169,0.99614,0.88110,0.95331,0.98592,0.06674,0.10482,0.85111,0.90095,0.58113,0.41260,0.66156,0.58138,0.64011,0.65541,0.04470,0.07403,0.56444,0.59782,1.515540,0.000000,3591096,4695536,19.96,32.60,0.000000,0.000000,0,0,0,0,0,0,3.145891e+06,3.178750e-07,0.764789,0,46,46,30,1
4,False,INSERT,hotspot,50000,2000000,0,256-32-4-0.50,256,32,4,0.500000,2500000,2600000,0.139407,0.268887,0.560038,0.304008,0.153014,0.546747,4,0.969262,0.056850,24,0.50063,0.39374,0.64437,0.48896,0.63986,0.64347,0.10038,0.15452,0.42883,0.57243,0.32844,0.27555,0.42231,0.31864,0.40668,0.41919,0.05107,0.10054,0.29191,0.36497,1.534487,0.000000,3589648,4695024,20.00,32.80,0.000000,0.000000,0,0,0,0,0,0,1.797083e+06,5.564574e-07,0.764564,0,46,46,10,1
5,False,INSERT,hotspot,50000,2000000,0,256-32-4-0.50,256,32,4,0.500000,2500000,2600000,0.131035,0.290873,0.532200,0.352281,0.141905,0.340356,5,0.750369,0.037868,20,0.62837,0.56470,0.69710,0.62948,0.66779,0.69027,0.02567,0.06079,0.61879,0.63796,0.44584,0.42067,0.49086,0.44199,0.46898,0.48477,0.01768,0.04277,0.43924,0.45244,1.424174,0.000000,3590144,5867104,19.82,32.47,0.000000,0.000000,0,0,0,0,0,0,2.255954e+06,4.432715e-07,0.611911,0,47,47,30,1
5,False,INSERT,hotspot,50000,2000000,0,256-32-4-0.50,256,32,4,0.500000,2500000,2600000,0.131035,0.290873,0.532200,0.352281,0.141905,0.340356,5,0.750369,0.037868,20,0.86647,0.63268,1.08486,0.87038,0.92738,1.04137,0.07089,0.17098,0.84001,0.89294,0.58518,0.41703,0.67297,0.58694,0.63336,0.66194,0.04034,0.07500,0.57011,0.60024,1.482921,0.000000,3590144,4692280,19.82,32.47,0.000000,0.000000,0,0,0,0,0,0,3.110762e+06,3.214646e-07,0.765117,0,47,47,30,1
5,False,INSERT,hotspot,50000,2000000,0,256-32-4-0.50,256,32,4,0.500000,2500000,2600000,0.139407,0.268887,0.560038,0.304008,0.153014,0.546747,4,0.969262,0.056850,24,0.41242,0.38440,0.45669,0.41088,0.44125,0.45360,0.01984,0.04273,0.39822,0.42661,0.27909,0.26268,0.32940,0.27254,0.31070,0.32566,0.01965,0.05312,0.26504,0.29315,1.507578,0.000000,3590448,4693312,19.90,32.70,0.000000,0.000000,0,0,0,0,0,0,1.480763e+06,6.753276e-07,0.765014,0,47,47,10,1
6,False,INSERT,hotspot,50000,2000000,0,256-32-4-0.50,256,32,4,0.500000,2500000,2600000,0.131035,0.290873,0.532200,0.352281,0.141905,0.340356,5,0.750369,0.037868,20,0.61617,0.57779,0.67122,0.61571,0.64810,0.66705,0.01932,0.05134,0.60896,0.62339,0.43078,0.40847,0.45742,0.42701,0.45155,0.45702,0.01351,0.03000,0.42574,0.43583,1.441915,0.000000,3588056,5877088,19.84,32.47,0.000000,0.000000,0,0,0,0,0,0,2.210858e+06,4.523131e-07,0.610516,0,48,48,30,1
6,False,INSERT,hotspot,50000,2000000,0,256-32-4-0.50,256,32,4,0.500000,2500000,2600000,0.131035,0.290873,0.532200,0.352281,0.141905,0.340356,5,0.750369,0.037868,20,0.85555,0.63557,0.93662,0.86940,0.91925,0.93356,0.06341,0.06416,0.83188,0.87923,0.57240,0.41743,0.60214,0.57475,0.59986,0.60185,0.03340,0.02710,0.55993,0.58487,1.512644,0.000000,3588056,4702952,19.84,32.47,0.000000,0.000000,0,0,0,0,0,0,3.069768e+06,3.257575e-07,0.762937,0,48,48,30,1
7,False,INSERT,hotspot,50000,2000000,0,256-32-4-0.50,256,32,4,0.500000,2500000,2600000,0.131035,0.290873,0.532200,0.352281,0.141905,0.340356,5,0.750369,0.037868,20,0.62283,0.58825,0.67463,0.62176,0.66454,0.67294,0.02191,0.05118,0.61465,0.63101,0.43563,0.41349,0.45899,0.43243,0.45374,0.45760,0.01158,0.02517,0.43130,0.43995,1.437828,0.000000,3588672,5876048,19.89,32.67,0.000000,0.000000,0,0,0,0,0,0,2.235148e+06,4.473978e-07,0.610729,0,49,49,30,1
7,False,INSERT,hotspot,50000,2000000,0,256-32-4-0.50,256,32,4,0.500000,2500000,2600000,0.131035,0.290873,0.532200,0.352281,0.141905,0.340356,5,0.750369,0.037868,20,0.85808,0.63605,0.92547,0.86574,0.91916,0.92422,0.05826,0.05848,0.83633,0.87983,0.56932,0.40852,0.62559,0.57027,0.61825,0.62487,0.03676,0.05459,0.55560,0.58305,1.518122,0.000000,3588672,4701704,19.89,32.67,0.000000,0.000000,0,0,0,0,0,0,3.079381e+06,3.247406e-07,0.763271,0,49,49,30,1
8,False,INSERT,hotspot,50000,2000000,0,256-32-4-0.50,256,32,4,0.500000,2500000,2600000,0.131035,0.290873,0.532200,0.352281,0.141905,0.340356,5,0.750369,0.037868,20,0.61493,0.57924,0.68175,0.61051,0.65311,0.67481,0.02287,0.06430,0.60639,0.62347,0.43717,0.41191,0.48064,0.43434,0.46749,0.47725,0.01583,0.04291,0.43126,0.44308,1.405586,0.000000,3590080,5879184,19.94,32.53,0.000000,0.000000,0,0,0,0,0,0,2.207640e+06,4.529724e-07,0.610643,0,50,50,30,1
8,False,INSERT,hotspot,50000,2000000,0,256-32-4-0.50,256,32,4,0.500000,2500000,2600000,0.131035,0.290873,0.532200,0.352281,0.141905,0.340356,5,0.750369,0.037868,20,0.84071,0.64137,0.90170,0.84972,0.89316,0.89998,0.05410,0.05026,0.82051,0.86091,0.56411,0.44226,0.63267,0.56378,0.59714,0.62271,0.03115,0.05893,0.55248,0.57574,1.507172,0.000000,3590080,4704392,19.94,32.53,0.000000,0.000000,0,0,0,0,0,0,3.018220e+06,3.313211e-07,0.763134,0,50,50,30,1
9,False,INSERT,hotspot,50000,2000000,0,256-32-4-0.50,256,32,4,0.500000,2500000,2600000,0.131035,0.290873,0.532200,0.352281,0.141905,0.340356,5,0.750369,0.037868,20,0.64349,0.60488,0.70696,0.63519,0.70447,0.70656,0.02960,0.07137,0.63244,0.65454,0.45341,0.41977,0.51585,0.44628,0.50798,0.51570,0.02660,0.06942,0.44348,0.46334,1.423303,0.000000,3590696,5872648,19.87,32.63,0.000000,0.000000,0,0,0,0,0,0,2.310585e+06,4.327908e-07,0.611427,0,51,51,30,1
9,False,INSERT,hotspot,50000,2000000,0,256-32-4-0.50,256,32,4,0.500000,2500000,2600000,0.131035,0.290873,0.532200,0.352281,0.141905,0.340356,5,0.750369,0.037868,20,0.82421,0.61649,0.93096,0.82269,0.90679,0.92480,0.06025,0.10212,0.80171,0.84670,0.54432,0.42020,0.60779,0.54043,0.58481,0.60165,0.03162,0.06122,0.53251,0.55613,1.522296,0.000000,3590696,4697632,19.87,32.63,0.000000,0.000000,0,0,0,0,0,0,2.959481e+06,3.378971e-07,0.764363,0,51,51,30,1
1,False,INSERT,random,50000,2000000,0,256-32-4-0.50,256,32,4,0.500000,2500000,2600000,0.137683,0.323645,0.481751,0.279888,0.140860,0.539441,4,0.942945,0.065921,24,1.13646,0.99807,1.48675,1.12312,1.38148,1.47800,0.11445,0.35488,1.09373,1.17920,0.80258,0.70602,1.03247,0.78543,1.00250,1.02411,0.07905,0.23868,0.77306,0.83209,1.429938,0.000000,3666824,6014368,18.86,32.23,0.000000,0.000000,0,0,0,0,0,0,4.167212e+06,2.399686e-07,0.609677,0,43,43,30,1
1,False,INSERT,random,50000,2000000,0,256-32-4-0.50,256,32,4,0.500000,2500000,2600000,0.137683,0.323645,0.481751,0.279888,0.140860,0.539441,4,0.942945,0.065921,24,1.26510,1.03553,1.53561,1.24042,1.39557,1.49529,0.10895,0.25487,1.22442,1.30578,0.85434,0.72759,0.95695,0.85986,0.95211,0.95683,0.06586,0.09697,0.82975,0.87893,1.442578,0.000000,3666824,4813984,18.86,32.23,0.000000,0.000000,0,0,0,0,0,0,4.638908e+06,2.155680e-07,0.761703,0,43,43,30,1
1,False,INSERT,random,50000,2000000,0,256-32-5-0.50,256,32,5,0.500000,2500000,2600000,0.143873,0.275017,0.468214,0.252574,0.145391,0.663793,2,0.840693,0.053623,12,0.87381,0.69793,1.04058,0.89069,1.02671,1.03780,0.11377,0.14711,0.79243,0.95519,0.54379,0.36826,0.60602,0.54822,0.60389,0.60560,0.06893,0.05738,0.49448,0.59310,1.624711,0.000000,3666872,4793136,19.33,33.00,0.000000,0.000000,0,0,0,0,0,0,3.204140e+06,3.120962e-07,0.765026,0,43,43,10,1
10,False,INSERT,random,50000,2000000,0,256-32-4-0.50,256,32,4,0.500000,2500000,2600000,0.137683,0.323645,0.481751,0.279888,0.140860,0.539441,4,0.942945,0.065921,24,0.95519,0.85270,1.22844,0.94107,1.07807,1.18881,0.07231,0.24774,0.92819,0.98219,0.70041,0.67136,0.81706,0.68922,0.76499,0.80421,0.03372,0.11499,0.68782,0.71300,1.365409,0.000000,3666568,6002512,18.75,32.00,0.000000,0.000000,0,0,0,0,0,0,3.502270e+06,2.855291e-07,0.610839,0,52,52,30,1
10,False,INSERT,random,50000,2000000,0,256-32-4-0.50,256,32,4,0.500000,2500000,2600000,0.137683,0.323645,0.481751,0.279888,0.140860,0.539441,4,0.942945,0.065921,24,1.28832,1.02196,1.45093,1.29244,1.39787,1.43736,0.08661,0.14492,1.25598,1.32065,0.85814,0.76951,0.96582,0.85006,0.94436,0.96186,0.04600,0.11181,0.84097,0.87532,1.520413,0.000000,3666568,4802208,18.75,32.00,0.000000,0.000000,0,0,0,0,0,0,4.723707e+06,2.116982e-07,0.763517,0,52,52,30,1
2,False,INSERT,random,50000,2000000,0,256-32-4-0.50,256,32,4,0.500000,2500000,2600000,0.137683,0.323645,0.481751,0.279888,0.140860,0.539441,4,0.942945,0.065921,24,1.06506,0.99851,1.25683,1.06198,1.14443,1.22621,0.05276,0.16423,1.04536,1.08476,0.75929,0.70458,1.05176,0.74955,0.78459,0.97556,0.05815,0.22601,0.73758,0.78101,1.416818,0.000000,3666744,6006696,18.86,32.27,0.000000,0.000000,0,0,0,0,0,0,3.905300e+06,2.560623e-07,0.610443,0,44,44,30,1
2,False,INSERT,random,50000,2000000,0,256-32-4-0.50,256,32,4,0.500000,2500000,2600000,0.137683,0.323645,0.481751,0.279888,0.140860,0.539441,4,0.942945,0.065921,24,1.39501,0.95946,1.60785,1.40340,1.57879,1.60559,0.12367,0.20219,1.34884,1.44118,0.92778,0.69403,1.08398,0.92717,1.05479,1.07562,0.07180,0.14845,0.90097,0.95459,1.513647,0.000000,3666744,4806336,18.86,32.27,0.000000,0.000000,0,0,0,0,0,0,5.115148e+06,1.954978e-07,0.762898,0,44,44,30,1
2,False,INSERT,random,50000,2000000,0,256-32-5-0.50,256,32,5,0.500000,2500000,2600000,0.143873,0.275017,0.468214,0.252574,0.145391,0.663793,2,0.840693,0.053623,12,1.11434,0.80955,1.58502,1.14612,1.47761,1.56354,0.25058,0.41742,0.93510,1.29358,0.70455,0.51635,0.96468,0.71337,0.91605,0.95496,0.14439,0.24159,0.60127,0.80784,1.606631,0.000000,3667112,4803512,19.36,33.00,0.000000,0.000000,0,0,0,0,0,0,4.086410e+06,2.447136e-07,0.763423,0,44,44,10,1
3,False,INSERT,random,50000,2000000,0,256-32-4-0.50,256,32,4,0.500000,2500000,2600000,0.137683,0.323645,0.481751,0.279888,0.140860,0.539441,4,0.942945,0.065921,24,1.08916,1.01514,1.49378,1.06654,1.21578,1.42860,0.09107,0.36206,1.05515,1.12316,0.77041,0.73181,0.86092,0.76367,0.82317,0.85150,0.02823,0.08783,0.75987,0.78095,1.396595,0.000000,3666808,6003464,18.87,32.27,0.000000,0.000000,0,0,0,0,0,0,3.993731e+06,2.503924e-07,0.610782,0,45,45,30,1
3,False,INSERT,random,50000,2000000,0,256-32-4-0.50,256,32,4,0.500000,2500000,2600000,0.137683,0.323645,0.481751,0.279888,0.140860,0.539441,4,0.942945,0.065921,24,1.41835,1.13913,1.67645,1.40452,1.65286,1.67407,0.12728,0.26955,1.37083,1.46587,0.93439,0.81400,1.04539,0.93251,1.02036,1.04328,0.05519,0.11077,0.91379,0.95500,1.506165,0.000000,3666808,4803080,18.87,32.27,0.000000,0.000000,0,0,0,0,0,0,5.200826e+06,1.922772e-07,0.763428,0,45,45,30,1
3,False,INSERT,random,50000,2000000,0,256-32-5-0.50,256,32,5,0.500000,2500000,2600000,0.143873,0.275017,0.468214,0.252574,0.145391,0.663793,2,0.840693,0.053623,12,0.85359,0.74668,1.06517,0.81977,1.02389,1.05692,0.10022,0.23715,0.78190,0.92527,0.55205,0.44726,0.71446,0.53383,0.69655,0.71088,0.08109,0.17705,0.49404,0.61005,1.535635,0.000000,3667032,4798168,19.53,33.40,0.000000,0.000000,0,0,0,0,0,0,3.130128e+06,3.194758e-07,0.764257,0,45,45,10,1
4,False,INSERT,random,50000,2000000,0,256-32-4-0.50,256,32,4,0.500000,2500000,2600000,0.137683,0.323645,0.481751,0.279888,0.140860,0.539441,4,0.942945,0.065921,24,1.08990,1.00336,1.34174,1.05689,1.29731,1.33709,0.08582,0.28019,1.05786,1.12194,0.76272,0.71461,0.87738,0.75354,0.84241,0.87168,0.03780,0.11814,0.74861,0.77683,1.402569,0.000000,3666696,5995856,18.90,32.30,0.000000,0.000000,0,0,0,0,0,0,3.996329e+06,2.502296e-07,0.611538,0,46,46,30,1
4,False,INSERT,random,50000,2000000,0,256-32-4-0.50,256,32,4,0.500000,2500000,2600000,0.137683,0.323645,0.481751,0.279888,0.140860,0.539441,4,0.942945,0.065921,24,1.42507,1.23116,1.62346,1.42053,1.60405,1.62229,0.10483,0.20176,1.38594,1.46421,0.94119,0.82397,1.12495,0.93102,1.08895,1.11671,0.07330,0.18569,0.91383,0.96856,1.525787,0.000000,3666696,4795504,18.90,32.30,0.000000,0.000000,0,0,0,0,0,0,5.225315e+06,1.913760e-07,0.764611,0,46,46,30,1
4,False,INSERT,random,50000,2000000,0,256-32-5-0.50,256,32,5,0.500000,2500000,2600000,0.143873,0.275017,0.468214,0.252574,0.145391,0.663793,2,0.840693,0.053623,12,0.85060,0.69423,1.07583,0.80654,1.06523,1.07371,0.13225,0.26717,0.75600,0.94520,0.56520,0.46864,0.87482,0.52363,0.76492,0.85284,0.11852,0.32921,0.48042,0.64997,1.540291,0.000000,3666968,4798848,19.56,33.50,0.000000,0.000000,0,0,0,0,0,0,3.119105e+06,3.206048e-07,0.764135,0,46,46,10,1
5,False,INSERT,random,50000,2000000,0,256-32-4-0.50,256,32,4,0.500000,2500000,2600000,0.137683,0.323645,0.481751,0.279888,0.140860,0.539441,4,0.942945,0.065921,24,1.08714,1.00375,1.26178,1.07209,1.22148,1.26021,0.05870,0.18812,1.06522,1.10906,0.76446,0.71873,0.82398,0.76007,0.81525,0.82198,0.03063,0.06190,0.75302,0.77589,1.410513,0.000000,3666632,5993648,18.87,32.27,0.000000,0.000000,0,0,0,0,0,0,3.986143e+06,2.508691e-07,0.611753,0,47,47,30,1
5,False,INSERT,random,50000,2000000,0,256-32-4-0.50,256,32,4,0.500000,2500000,2600000,0.137683,0.323645,0.481751,0.279888,0.140860,0.539441,4,0.942945,0.065921,24,1.35964,1.24133,1.49927,1.36085,1.47155,1.49812,0.06352,0.13727,1.33592,1.38335,0.91230,0.80772,1.02443,0.90507,0.99144,1.02099,0.04612,0.11592,0.89508,0.92953,1.503576,0.000000,3666632,4793328,18.87,32.27,0.000000,0.000000,0,0,0,0,0,0,4.985293e+06,2.005900e-07,0.764945,0,47,47,30,1
5,False,INSERT,random,50000,2000000,0,256-32-5-0.50,256,32,5,0.500000,2500000,2600000,0.143873,0.275017,0.468214,0.252574,0.145391,0.663793,2,0.840693,0.053623,12,0.79838,0.72106,0.91031,0.77670,0.90885,0.91002,0.07025,0.13331,0.74813,0.84863,0.55158,0.47515,0.61865,0.55698,0.60969,0.61686,0.04477,0.05988,0.51956,0.58360,1.394500,0.000000,3667144,4795096,19.37,33.20,0.000000,0.000000,0,0,0,0,0,0,2.927782e+06,3.415554e-07,0.764770,0,47,47,10,1
6,False,INSERT,random,50000,2000000,0,256-32-4-0.50,256,32,4,0.500000,2500000,2600000,0.137683,0.323645,0.481751,0.279888,0.140860,0.539441,4,0.942945,0.065921,24,1.05686,0.97554,1.15541,1.06025,1.10230,1.14067,0.03704,0.08042,1.04303,1.07069,0.74936,0.71777,0.79053,0.75045,0.77903,0.78862,0.01910,0.03817,0.74223,0.75649,1.412815,0.000000,3666632,6007816,18.86,32.23,0.000000,0.000000,0,0,0,0,0,0,3.875110e+06,2.580572e-07,0.610310,0,48,48,30,1
6,False,INSERT,random,50000,2000000,0,256-32-4-0.50,256,32,4,0.500000,2500000,2600000,0.137683,0.323645,0.481751,0.279888,0.140860,0.539441,4,0.942945,0.065921,24,1.38874,1.06013,1.49297,1.40577,1.48536,1.49154,0.08707,0.08577,1.35623,1.42125,0.90398,0.80011,1.02712,0.91214,0.97845,1.01385,0.05308,0.10171,0.88416,0.92380,1.541169,0.000000,3666632,4807496,18.86,32.23,0.000000,0.000000,0,0,0,0,0,0,5.091992e+06,1.963868e-07,0.762691,0,48,48,30,1
7,False,INSERT,random,50000,2000000,0,256-32-4-0.50,256,32,4,0.500000,2500000,2600000,0.137683,0.323645,0.481751,0.279888,0.140860,0.539441,4,0.942945,0.065921,24,1.08249,0.98209,1.23597,1.07520,1.18016,1.22521,0.05748,0.15001,1.06103,1.10395,0.77361,0.73285,0.83969,0.77001,0.81210,0.83199,0.02467,0.06198,0.76440,0.78282,1.396345,0.000000,3666552,6006232,18.82,32.17,0.000000,0.000000,0,0,0,0,0,0,3.969019e+06,2.519514e-07,0.610458,0,49,49,30,1
7,False,INSERT,random,50000,2000000,0,256-32-4-0.50,256,32,4,0.500000,2500000,2600000,0.137683,0.323645,0.481751,0.279888,0.140860,0.539441,4,0.942945,0.065921,24,1.37667,1.20208,1.51609,1.39542,1.45905,1.50248,0.06694,0.10706,1.35167,1.40166,0.91506,0.81595,1.00050,0.91318,0.97921,0.99464,0.04177,0.08146,0.89947,0.93065,1.528084,0.000000,3666552,4805936,18.82,32.17,0.000000,0.000000,0,0,0,0,0,0,5.047621e+06,1.981131e-07,0.762922,0,49,49,30,1
8,False,INSERT,random,50000,2000000,0,256-32-4-0.50,256,32,4,0.500000,2500000,2600000,0.137683,0.323645,0.481751,0.279888,0.140860,0.539441,4,0.942945,0.065921,24,0.99395,0.92581,1.10761,0.99051,1.06291,1.09745,0.04672,0.10695,0.97651,1.01140,0.72595,0.66401,0.83848,0.72207,0.77138,0.82040,0.03489,0.09833,0.71292,0.73897,1.371757,0.000000,3666296,6006336,18.81,32.13,0.000000,0.000000,0,0,0,0,0,0,3.644127e+06,2.744141e-07,0.610405,0,50,50,30,1
8,False,INSERT,random,50000,2000000,0,256-32-4-0.50,256,32,4,0.500000,2500000,2600000,0.137683,0.323645,0.481751,0.279888,0.140860,0.539441,4,0.942945,0.065921,24,1.32330,1.03945,1.51183,1.39534,1.49451,1.51020,0.14911,0.11487,1.26763,1.37898,0.87266,0.67623,0.99792,0.91175,0.97793,0.99272,0.09265,0.08097,0.83806,0.90725,1.530389,0.000000,3666296,4806144,18.81,32.13,0.000000,0.000000,0,0,0,0,0,0,4.851622e+06,2.061166e-07,0.762835,0,50,50,30,1
9,False,INSERT,random,50000,2000000,0,256-32-4-0.50,256,32,4,0.500000,2500000,2600000,0.137683,0.323645,0.481751,0.279888,0.140860,0.539441,4,0.942945,0.065921,24,0.95374,0.90112,1.01456,0.94805,1.00960,1.01316,0.03275,0.06511,0.94151,0.96597,0.69051,0.64836,0.72853,0.68798,0.72582,0.72830,0.02096,0.04032,0.68268,0.69834,1.378019,0.000000,3666632,5998648,18.80,32.07,0.000000,0.000000,0,0,0,0,0,0,3.497015e+06,2.859582e-07,0.611243,0,51,51,30,1
9,False,INSERT,random,50000,2000000,0,256-32-4-0.50,256,32,4,0.500000,2500000,2600000,0.137683,0.323645,0.481751,0.279888,0.140860,0.539441,4,0.942945,0.065921,24,1.38883,1.12067,1.62998,1.39333,1.51708,1.60584,0.08897,0.21252,1.35561,1.42205,0.91371,0.81475,0.99402,0.91741,0.97751,0.99047,0.04123,0.07306,0.89832,0.92911,1.518761,0.000000,3666632,4798320,18.80,32.07,0.000000,0.000000,0,0,0,0,0,0,5.092341e+06,1.963733e-07,0.764149,0,51,51,30,1
1,False,INSERT,sequential,50000,2000000,0,512-16-4-0.50,512,16,4,0.500000,2500000,2600000,0.140898,0.278489,0.363143,0.234808,0.138289,0.692591,6,0.930044,0.078168,12,0.21659,0.19185,0.32633,0.20563,0.30844,0.32124,0.03411,0.11561,0.20385,0.22933,0.17876,0.15963,0.25083,0.17324,0.24560,0.25004,0.02434,0.07680,0.16968,0.18785,1.186945,0.033333,2421544,4014616,38.15,70.10,0.000000,0.000000,0,0,0,0,0,0,5.244810e+05,1.906647e-06,0.603182,0,43,43,30,1
1,False,INSERT,sequential,50000,2000000,0,512-16-4-0.50,512,16,4,0.500000,2500000,2600000,0.140898,0.278489,0.363143,0.234808,0.138289,0.692591,6,0.930044,0.078168,12,0.25092,0.17654,0.31693,0.24603,0.31080,0.31544,0.04594,0.06941,0.23377,0.26807,0.18682,0.14395,0.23969,0.17529,0.22717,0.23685,0.02942,0.06156,0.17583,0.19780,1.403547,0.033333,2421544,3214296,38.15,70.10,0.000000,0.000000,0,0,0,0,0,0,6.076120e+05,1.645787e-06,0.753367,0,43,43,30,1
1,False,INSERT,sequential,50000,2000000,0,512-20-3-0.50,512,20,3,0.500000,2500000,2600000,0.333473,0.254385,0.374128,0.295578,0.249266,0.103974,6,0.968238,0.080881,16,0.17941,0.12629,0.22309,0.18341,0.21711,0.22189,0.03119,0.03849,0.15709,0.20172,0.16345,0.11029,0.27568,0.14448,0.25632,0.27181,0.05109,0.12732,0.12690,0.19999,1.269378,0.300000,2424696,3195256,34.40,70.00,0.000000,0.000000,0,0,0,0,0,0,4.350061e+05,2.298818e-06,0.758842,0,43,43,10,1
10,False,INSERT,sequential,50000,2000000,0,512-16-4-0.50,512,16,4,0.500000,2500000,2600000,0.140898,0.278489,0.363143,0.234808,0.138289,0.692591,6,0.930044,0.078168,12,0.21253,0.19796,0.24018,0.20966,0.23303,0.23842,0.01121,0.02877,0.20834,0.21671,0.17135,0.15769,0.18838,0.17107,0.18201,0.18660,0.00686,0.01553,0.16879,0.17391,1.225572,0.000000,2421536,4000856,38.05,69.93,0.000000,0.000000,0,0,0,0,0,0,5.146377e+05,1.943114e-06,0.605254,0,52,52,30,1
10,False,INSERT,sequential,50000,2000000,0,512-16-4-0.50,512,16,4,0.500000,2500000,2600000,0.140898,0.278489,0.363143,0.234808,0.138289,0.692591,6,0.930044,0.078168,12,0.28015,0.18790,0.33512,0.28759,0.32507,0.33382,0.03749,0.04623,0.26616,0.29415,0.20755,0.14451,0.23360,0.21210,0.22606,0.23142,0.02196,0.01932,0.19935,0.21575,1.355924,0.033333,2421536,3200536,38.05,69.93,0.000000,0.000000,0,0,0,0,0,0,6.784005e+05,1.474056e-06,0.756603,0,52,52,30,1
2,False,INSERT,sequential,50000,2000000,0,512-16-4-0.50,512,16,4,0.500000,2500000,2600000,0.140898,0.278489,0.363143,0.234808,0.138289,0.692591,6,0.930044,0.078168,12,0.21099,0.18686,0.24211,0.21034,0.23178,0.23930,0.01335,0.02896,0.20600,0.21597,0.17112,0.15609,0.19027,0.17105,0.18241,0.18823,0.00737,0.01718,0.16836,0.17387,1.229720,0.000000,2421520,4004288,38.16,70.10,0.000000,0.000000,0,0,0,0,0,0,5.109109e+05,1.957289e-06,0.604732,0,44,44,30,1
2,False,INSERT,sequential,50000,2000000,0,512-16-4-0.50,512,16,4,0.500000,2500000,2600000,0.140898,0.278489,0.363143,0.234808,0.138289,0.692591,6,0.930044,0.078168,12,0.24914,0.19134,0.32249,0.24001,0.30165,0.31646,0.04443,0.07644,0.23255,0.26572,0.19149,0.15358,0.23654,0.19061,0.23008,0.23490,0.02932,0.04429,0.18054,0.20243,1.259187,0.000000,2421520,3203968,38.16,70.10,0.000000,0.000000,0,0,0,0,0,0,6.032917e+05,1.657573e-06,0.755788,0,44,44,30,1
2,False,INSERT,sequential,50000,2000000,0,512-20-3-0.50,512,20,3,0.500000,2500000,2600000,0.333473,0.254385,0.374128,0.295578,0.249266,0.103974,6,0.968238,0.080881,16,0.18094,0.15883,0.23125,0.17110,0.22331,0.22966,0.02520,0.05856,0.16292,0.19896,0.13511,0.11653,0.16293,0.13370,0.15799,0.16194,0.01427,0.02824,0.12490,0.14531,1.279701,0.000000,2424672,3205384,34.37,70.00,0.000000,0.000000,0,0,0,0,0,0,4.387178e+05,2.279369e-06,0.756437,0,44,44,10,1
3,False,INSERT,sequential,50000,2000000,0,512-16-4-0.50,512,16,4,0.500000,2500000,2600000,0.140898,0.278489,0.363143,0.234808,0.138289,0.692591,6,0.930044,0.078168,12,0.20815,0.18999,0.23662,0.20821,0.22650,0.23380,0.01099,0.02558,0.20405,0.21225,0.17024,0.15267,0.18952,0.17043,0.18292,0.18761,0.00850,0.01718,0.16707,0.17341,1.221666,0.000000,2421536,4001216,38.16,70.10,0.000000,0.000000,0,0,0,0,0,0,5.040444e+05,1.983952e-06,0.605200,0,45,45,30,1
3,False,INSERT,sequential,50000,2000000,0,512-16-4-0.50,512,16,4,0.500000,2500000,2600000,0.140898,0.278489,0.363143,0.234808,0.138289,0.692591,6,0.930044,0.078168,12,0.29156,0.18762,0.34547,0.30392,0.33163,0.34297,0.04258,0.03905,0.27566,0.30746,0.21223,0.14632,0.23503,0.21984,0.23089,0.23400,0.02253,0.01416,0.20382,0.22064,1.382450,0.033333,2421536,3200896,38.16,70.10,0.000000,0.000000,0,0,0,0,0,0,7.060268e+05,1.416377e-06,0.756518,0,45,45,30,1
3,False,INSERT,sequential,50000,2000000,0,512-20-3-0.50,512,20,3,0.500000,2500000,2600000,0.333473,0.254385,0.374128,0.295578,0.249266,0.103974,6,0.968238,0.080881,16,0.17265,0.13533,0.29510,0.15658,0.24484,0.28505,0.04582,0.12846,0.13988,0.20543,0.12955,0.11081,0.19202,0.12190,0.16561,0.18674,0.02318,0.06484,0.11296,0.14613,1.284543,0.100000,2424704,3194496,34.33,70.00,0.000000,0.000000,0,0,0,0,0,0,4.186305e+05,2.388741e-06,0.759026,0,45,45,10,1
4,False,INSERT,sequential,50000,2000000,0,512-16-4-0.50,512,16,4,0.500000,2500000,2600000,0.140898,0.278489,0.363143,0.234808,0.138289,0.692591,6,0.930044,0.078168,12,0.21069,0.18793,0.22815,0.20926,0.22303,0.22672,0.00958,0.01746,0.20712,0.21427,0.17013,0.15748,0.18267,0.16993,0.17816,0.18156,0.00645,0.01164,0.16772,0.17253,1.231473,0.000000,2421520,3998856,38.19,70.13,0.000000,0.000000,0,0,0,0,0,0,5.101975e+05,1.960025e-06,0.605553,0,46,46,30,1
4,False,INSERT,sequential,50000,2000000,0,512-16-4-0.50,512,16,4,0.500000,2500000,2600000,0.140898,0.278489,0.363143,0.234808,0.138289,0.692591,6,0.930044,0.078168,12,0.30081,0.19281,0.34650,0.31196,0.33656,0.34406,0.04226,0.03210,0.28503,0.31659,0.21768,0.14434,0.23850,0.22462,0.23527,0.23786,0.02349,0.01325,0.20891,0.22645,1.388853,0.033333,2421520,3198536,38.19,70.13,0.000000,0.000000,0,0,0,0,0,0,7.284203e+05,1.372834e-06,0.757071,0,46,46,30,1
4,False,INSERT,sequential,50000,2000000,0,512-20-3-0.50,512,20,3,0.500000,2500000,2600000,0.333473,0.254385,0.374128,0.295578,0.249266,0.103974,6,0.968238,0.080881,16,0.16955,0.12438,0.25924,0.16956,0.23166,0.25372,0.04146,0.08416,0.13989,0.19921,0.12756,0.10309,0.15062,0.12762,0.14915,0.15033,0.01643,0.02271,0.11581,0.13932,1.328636,0.100000,2424640,3197616,34.45,70.10,0.000000,0.000000,0,0,0,0,0,0,4.110946e+05,2.432530e-06,0.758265,0,46,46,10,1
5,False,INSERT,sequential,50000,2000000,0,512-16-4-0.50,512,16,4,0.500000,2500000,2600000,0.140898,0.278489,0.363143,0.234808,0.138289,0.692591,6,0.930044,0.078168,12,0.20805,0.18923,0.24804,0.20810,0.22119,0.24048,0.01175,0.03237,0.20366,0.21244,0.16930,0.14956,0.18216,0.17064,0.18060,0.18212,0.00825,0.01149,0.16622,0.17238,1.219579,0.000000,2421536,3999840,38.16,70.10,0.000000,0.000000,0,0,0,0,0,0,5.038019e+05,1.984907e-06,0.605408,0,47,47,30,1
5,False,INSERT,sequential,50000,2000000,0,512-16-4-0.50,512,16,4,0.500000,2500000,2600000,0.140898,0.278489,0.363143,0.234808,0.138289,0.692591,6,0.930044,0.078168,12,0.28156,0.18752,0.32438,0.29500,0.32178,0.32363,0.03870,0.02863,0.26711,0.29601,0.21357,0.15782,0.24881,0.21775,0.23530,0.24616,0.02110,0.02841,0.20569,0.22145,1.354765,0.033333,2421536,3199520,38.16,70.10,0.000000,0.000000,0,0,0,0,0,0,6.818052e+05,1.466695e-06,0.756844,0,47,47,30,1
5,False,INSERT,sequential,50000,2000000,0,512-20-3-0.50,512,20,3,0.500000,2500000,2600000,0.333473,0.254385,0.374128,0.295578,0.249266,0.103974,6,0.968238,0.080881,16,0.15010,0.12810,0.16907,0.15739,0.16693,0.16864,0.01648,0.01125,0.13831,0.16189,0.12477,0.10269,0.13638,0.12941,0.13550,0.13620,0.01145,0.00679,0.11659,0.13296,1.216215,0.100000,2424672,3196000,34.38,70.00,0.000000,0.000000,0,0,0,0,0,0,3.639472e+05,2.747651e-06,0.758658,0,47,47,10,1
6,False,INSERT,sequential,50000,2000000,0,512-16-4-0.50,512,16,4,0.500000,2500000,2600000,0.140898,0.278489,0.363143,0.234808,0.138289,0.692591,6,0.930044,0.078168,12,0.20472,0.18123,0.23472,0.20626,0.22431,0.23283,0.01154,0.02657,0.20041,0.20903,0.16857,0.15514,0.18709,0.16788,0.17887,0.18508,0.00731,0.01720,0.16583,0.17130,1.228603,0.000000,2421544,4008176,38.14,70.07,0.000000,0.000000,0,0,0,0,0,0,4.957400e+05,2.017186e-06,0.604151,0,48,48,30,1
6,False,INSERT,sequential,50000,2000000,0,512-16-4-0.50,512,16,4,0.500000,2500000,2600000,0.140898,0.278489,0.363143,0.234808,0.138289,0.692591,6,0.930044,0.078168,12,0.28205,0.17995,0.32897,0.29849,0.31720,0.32612,0.04261,0.02764,0.26615,0.29796,0.21506,0.13881,0.24215,0.22388,0.23639,0.24081,0.02588,0.01692,0.20540,0.22473,1.333231,0.033333,2421544,3207856,38.14,70.07,0.000000,0.000000,0,0,0,0,0,0,6.830084e+05,1.464111e-06,0.754879,0,48,48,30,1
7,False,INSERT,sequential,50000,2000000,0,512-16-4-0.50,512,16,4,0.500000,2500000,2600000,0.140898,0.278489,0.363143,0.234808,0.138289,0.692591,6,0.930044,0.078168,12,0.21279,0.19077,0.24339,0.21129,0.23619,0.24145,0.01352,0.03016,0.20774,0.21783,0.16967,0.15730,0.18185,0.16911,0.18004,0.18137,0.00659,0.01226,0.16720,0.17213,1.249367,0.000000,2421544,4004544,38.10,70.03,0.000000,0.000000,0,0,0,0,0,0,5.152706e+05,1.940728e-06,0.604699,0,49,49,30,1
7,False,INSERT,sequential,50000,2000000,0,512-16-4-0.50,512,16,4,0.500000,2500000,2600000,0.140898,0.278489,0.363143,0.234808,0.138289,0.692591,6,0.930044,0.078168,12,0.28794,0.19147,0.33027,0.29628,0.31403,0.32639,0.02955,0.03011,0.27691,0.29897,0.21110,0.15602,0.23675,0.21418,0.23520,0.23672,0.02055,0.02255,0.20343,0.21878,1.383354,0.000000,2421544,3204224,38.10,70.03,0.000000,0.000000,0,0,0,0,0,0,6.972537e+05,1.434198e-06,0.755735,0,49,49,30,1
8,False,INSERT,sequential,50000,2000000,0,512-16-4-0.50,512,16,4,0.500000,2500000,2600000,0.140898,0.278489,0.363143,0.234808,0.138289,0.692591,6,0.930044,0.078168,12,0.21019,0.18830,0.23457,0.20758,0.23255,0.23436,0.01268,0.02679,0.20546,0.21493,0.17141,0.15410,0.18512,0.17072,0.18361,0.18471,0.00746,0.01399,0.16862,0.17419,1.215867,0.000000,2421576,4004944,38.10,70.03,0.000000,0.000000,0,0,0,0,0,0,5.090013e+05,1.964631e-06,0.604647,0,50,50,30,1
8,False,INSERT,sequential,50000,2000000,0,512-16-4-0.50,512,16,4,0.500000,2500000,2600000,0.140898,0.278489,0.363143,0.234808,0.138289,0.692591,6,0.930044,0.078168,12,0.22342,0.18097,0.32660,0.21044,0.30078,0.32023,0.03890,0.10979,0.20890,0.23794,0.17367,0.14463,0.24015,0.16135,0.22838,0.23717,0.02744,0.07581,0.16342,0.18391,1.304188,0.033333,2421576,3204624,38.10,70.03,0.000000,0.000000,0,0,0,0,0,0,5.410321e+05,1.848319e-06,0.755651,0,50,50,30,1
9,False,INSERT,sequential,50000,2000000,0,512-16-4-0.50,512,16,4,0.500000,2500000,2600000,0.140898,0.278489,0.363143,0.234808,0.138289,0.692591,6,0.930044,0.078168,12,0.21620,0.19648,0.24664,0.21381,0.23845,0.24458,0.01265,0.03076,0.21148,0.22093,0.17067,0.15489,0.18694,0.17020,0.18090,0.18563,0.00673,0.01543,0.16816,0.17318,1.256260,0.000000,2421528,3998592,38.09,70.00,0.000000,0.000000,0,0,0,0,0,0,5.235445e+05,1.910057e-06,0.605595,0,51,51,30,1
9,False,INSERT,sequential,50000,2000000,0,512-16-4-0.50,512,16,4,0.500000,2500000,2600000,0.140898,0.278489,0.363143,0.234808,0.138289,0.692591,6,0.930044,0.078168,12,0.20801,0.19348,0.22428,0.20833,0.22107,0.22361,0.00861,0.01528,0.20479,0.21123,0.16364,0.14165,0.21387,0.16258,0.18049,0.20486,0.01344,0.04229,0.15862,0.16866,1.281436,0.033333,2421528,3198272,38.09,70.00,0.000000,0.000000,0,0,0,0,0,0,5.037018e+05,1.985301e-06,0.757136,0,51,51,30,1
1,False,INSERT,zipfian,50000,2000000,0,256-16-4-0.50,256,16,4,0.500000,2500000,2600000,0.130374,0.339085,0.591711,0.329758,0.174459,0.457139,4,0.710464,0.078500,24,0.65573,0.60710,0.71621,0.65374,0.69081,0.70983,0.02472,0.05609,0.64650,0.66496,0.33827,0.31639,0.38807,0.33513,0.36481,0.38184,0.01580,0.04671,0.33237,0.34416,1.950691,0.000000,3471744,5731816,23.90,52.00,0.000000,0.000000,0,0,0,0,0,0,2.276520e+06,4.392669e-07,0.605697,0,43,43,30,1
1,False,INSERT,zipfian,50000,2000000,0,256-16-4-0.50,256,16,4,0.500000,2500000,2600000,0.130374,0.339085,0.591711,0.329758,0.174459,0.457139,4,0.710464,0.078500,24,0.90927,0.65892,1.03926,0.91696,0.99091,1.02536,0.06872,0.10841,0.88362,0.93493,0.44077,0.30732,0.49927,0.44213,0.47818,0.49354,0.03245,0.05141,0.42865,0.45289,2.073938,0.000000,3471744,4588096,23.90,52.00,0.000000,0.000000,0,0,0,0,0,0,3.156769e+06,3.167796e-07,0.756685,0,43,43,30,1
1,False,INSERT,zipfian,50000,2000000,0,256-24-6-0.50,256,24,6,0.500000,2500000,2600000,0.399697,0.290827,0.331190,0.291272,0.214448,0.552983,5,0.854589,0.063454,4,0.26775,0.25328,0.28097,0.26963,0.27889,0.28055,0.00852,0.01092,0.26165,0.27384,0.15603,0.14767,0.16720,0.15576,0.16660,0.16708,0.00660,0.01133,0.15131,0.16075,1.731114,0.000000,3485560,4567552,19.16,52.90,0.000000,0.000000,0,0,0,0,0,0,9.332489e+05,1.071525e-06,0.763113,0,43,43,10,1
10,False,INSERT,zipfian,50000,2000000,0,256-16-4-0.50,256,16,4,0.500000,2500000,2600000,0.130374,0.339085,0.591711,0.329758,0.174459,0.457139,4,0.710464,0.078500,24,0.61508,0.57859,0.67006,0.60918,0.65426,0.66578,0.02160,0.05659,0.60702,0.62314,0.31329,0.29156,0.34120,0.31463,0.33370,0.34068,0.01203,0.02606,0.30879,0.31778,1.936218,0.000000,3475160,5725560,23.84,52.00,0.000000,0.000000,0,0,0,0,0,0,2.137497e+06,4.678370e-07,0.606955,0,52,52,30,1
10,False,INSERT,zipfian,50000,2000000,0,256-16-4-0.50,256,16,4,0.500000,2500000,2600000,0.130374,0.339085,0.591711,0.329758,0.174459,0.457139,4,0.710464,0.078500,24,0.91554,0.71548,1.05731,0.90725,1.02920,1.05070,0.06712,0.14344,0.89048,0.94060,0.43520,0.29433,0.48238,0.43641,0.47691,0.48130,0.03425,0.04489,0.42241,0.44798,2.078906,0.000000,3475160,4580696,23.84,52.00,0.000000,0.000000,0,0,0,0,0,0,3.181635e+06,3.143038e-07,0.758653,0,52,52,30,1
2,False,INSERT,zipfian,50000,2000000,0,256-16-4-0.50,256,16,4,0.500000,2500000,2600000,0.130374,0.339085,0.591711,0.329758,0.174459,0.457139,4,0.710464,0.078500,24,0.65771,0.61161,0.72852,0.65251,0.70417,0.72297,0.02415,0.07046,0.64870,0.66673,0.33657,0.31206,0.38411,0.33687,0.35012,0.37449,0.01335,0.03761,0.33158,0.34155,1.936953,0.000000,3468784,5718920,23.94,51.83,0.000000,0.000000,0,0,0,0,0,0,2.281458e+06,4.383162e-07,0.606545,0,44,44,30,1
2,False,INSERT,zipfian,50000,2000000,0,256-16-4-0.50,256,16,4,0.500000,2500000,2600000,0.130374,0.339085,0.591711,0.329758,0.174459,0.457139,4,0.710464,0.078500,24,0.90463,0.69250,1.03417,0.90264,0.98492,1.02179,0.06401,0.11915,0.88073,0.92853,0.43869,0.34749,0.51483,0.43460,0.49070,0.50990,0.03278,0.07530,0.42645,0.45092,2.076933,0.000000,3468784,4576184,23.94,51.83,0.000000,0.000000,0,0,0,0,0,0,3.137982e+06,3.186762e-07,0.758008,0,44,44,30,1
2,False,INSERT,zipfian,50000,2000000,0,256-24-6-0.50,256,24,6,0.500000,2500000,2600000,0.399697,0.290827,0.331190,0.291272,0.214448,0.552983,5,0.854589,0.063454,4,0.26600,0.25790,0.27929,0.26502,0.27660,0.27875,0.00673,0.01373,0.26118,0.27081,0.15455,0.15144,0.15926,0.15337,0.15885,0.15918,0.00293,0.00581,0.15246,0.15665,1.728039,0.000000,3484576,4574232,19.14,52.70,0.000000,0.000000,0,0,0,0,0,0,9.268817e+05,1.078886e-06,0.761784,0,44,44,10,1
3,False,INSERT,zipfian,50000,2000000,0,256-16-4-0.50,256,16,4,0.500000,2500000,2600000,0.130374,0.339085,0.591711,0.329758,0.174459,0.457139,4,0.710464,0.078500,24,0.66902,0.59723,0.75812,0.66268,0.73243,0.75497,0.03724,0.09229,0.65512,0.68293,0.34057,0.30999,0.38489,0.33561,0.38156,0.38431,0.01879,0.04869,0.33356,0.34759,1.974524,0.000000,3474032,5723360,23.88,52.00,0.000000,0.000000,0,0,0,0,0,0,2.324213e+06,4.302533e-07,0.606992,0,45,45,30,1
3,False,INSERT,zipfian,50000,2000000,0,256-16-4-0.50,256,16,4,0.500000,2500000,2600000,0.130374,0.339085,0.591711,0.329758,0.174459,0.457139,4,0.710464,0.078500,24,0.92202,0.69278,1.02275,0.92267,0.98529,1.01314,0.06212,0.09047,0.89882,0.94521,0.44581,0.30343,0.48372,0.45122,0.47879,0.48262,0.03315,0.03139,0.43344,0.45819,2.044825,0.000000,3474032,4578872,23.88,52.00,0.000000,0.000000,0,0,0,0,0,0,3.203118e+06,3.121959e-07,0.758709,0,45,45,30,1
3,False,INSERT,zipfian,50000,2000000,0,256-24-6-0.50,256,24,6,0.500000,2500000,2600000,0.399697,0.290827,0.331190,0.291272,0.214448,0.552983,5,0.854589,0.063454,4,0.26622,0.25004,0.28009,0.26589,0.27769,0.27961,0.00863,0.01372,0.26004,0.27239,0.15363,0.14676,0.15901,0.15436,0.15841,0.15889,0.00393,0.00453,0.15083,0.15644,1.722493,0.000000,3486936,4572800,19.14,52.90,0.000000,0.000000,0,0,0,0,0,0,9.282860e+05,1.077254e-06,0.762538,0,45,45,10,1
4,False,INSERT,zipfian,50000,2000000,0,256-16-4-0.50,256,16,4,0.500000,2500000,2600000,0.130374,0.339085,0.591711,0.329758,0.174459,0.457139,4,0.710464,0.078500,24,0.64569,0.58937,0.72829,0.64485,0.68560,0.71600,0.02878,0.07114,0.63494,0.65643,0.33433,0.31140,0.36167,0.33279,0.35709,0.36069,0.01204,0.02790,0.32983,0.33882,1.937737,0.000000,3471832,5714192,24.06,52.00,0.000000,0.000000,0,0,0,0,0,0,2.241712e+06,4.460876e-07,0.607581,0,46,46,30,1
4,False,INSERT,zipfian,50000,2000000,0,256-16-4-0.50,256,16,4,0.500000,2500000,2600000,0.130374,0.339085,0.591711,0.329758,0.174459,0.457139,4,0.710464,0.078500,24,0.90279,0.66582,1.07219,0.91410,0.95961,1.03990,0.06612,0.12580,0.87811,0.92748,0.43228,0.30584,0.49777,0.43951,0.46976,0.49019,0.03362,0.05068,0.41972,0.44483,2.079790,0.000000,3471832,4570432,24.06,52.00,0.000000,0.000000,0,0,0,0,0,0,3.134348e+06,3.190456e-07,0.759629,0,46,46,30,1
4,False,INSERT,zipfian,50000,2000000,0,256-24-6-0.50,256,24,6,0.500000,2500000,2600000,0.399697,0.290827,0.331190,0.291272,0.214448,0.552983,5,0.854589,0.063454,4,0.29191,0.26092,0.34779,0.29026,0.33020,0.34427,0.02407,0.05401,0.27469,0.30913,0.17801,0.15179,0.26245,0.15906,0.25461,0.26088,0.04058,0.10183,0.14898,0.20703,1.824854,0.000000,3486528,4572840,19.27,52.80,0.000000,0.000000,0,0,0,0,0,0,1.017752e+06,9.825580e-07,0.762443,0,46,46,10,1
5,False,INSERT,zipfian,50000,2000000,0,256-16-4-0.50,256,16,4,0.500000,2500000,2600000,0.130374,0.339085,0.591711,0.329758,0.174459,0.457139,4,0.710464,0.078500,24,0.65322,0.61740,0.73413,0.65003,0.69591,0.72724,0.02454,0.07721,0.64405,0.66238,0.33612,0.31254,0.37231,0.33587,0.36234,0.37011,0.01447,0.03425,0.33071,0.34152,1.935359,0.000000,3475104,5718144,23.91,52.00,0.000000,0.000000,0,0,0,0,0,0,2.270000e+06,4.405286e-07,0.607733,0,47,47,30,1
5,False,INSERT,zipfian,50000,2000000,0,256-16-4-0.50,256,16,4,0.500000,2500000,2600000,0.130374,0.339085,0.591711,0.329758,0.174459,0.457139,4,0.710464,0.078500,24,0.92013,0.59927,1.05089,0.92125,1.04195,1.04931,0.09480,0.12806,0.88474,0.95553,0.44855,0.28644,0.53108,0.44933,0.51634,0.53003,0.04353,0.08070,0.43230,0.46480,2.050272,0.000000,3475104,4573304,23.91,52.00,0.000000,0.000000,0,0,0,0,0,0,3.197559e+06,3.127385e-07,0.759867,0,47,47,30,1
5,False,INSERT,zipfian,50000,2000000,0,256-24-6-0.50,256,24,6,0.500000,2500000,2600000,0.399697,0.290827,0.331190,0.291272,0.214448,0.552983,5,0.854589,0.063454,4,0.27574,0.26196,0.28624,0.27704,0.28584,0.28616,0.00967,0.00912,0.26882,0.28266,0.15921,0.14784,0.18341,0.15615,0.17649,0.18202,0.01008,0.02588,0.15200,0.16642,1.774247,0.000000,3485792,4568728,19.11,52.50,0.000000,0.000000,0,0,0,0,0,0,9.611610e+05,1.040408e-06,0.762968,0,47,47,10,1
6,False,INSERT,zipfian,50000,2000000,0,256-16-4-0.50,256,16,4,0.500000,2500000,2600000,0.130374,0.339085,0.591711,0.329758,0.174459,0.457139,4,0.710464,0.078500,24,0.64172,0.58774,0.69706,0.64291,0.67546,0.69081,0.02534,0.04791,0.63226,0.65118,0.33182,0.30925,0.36674,0.33280,0.35529,0.36420,0.01225,0.03140,0.32725,0.33640,1.931797,0.000000,3473136,5727232,23.89,52.00,0.000000,0.000000,0,0,0,0,0,0,2.228781e+06,4.486758e-07,0.606425,0,48,48,30,1
6,False,INSERT,zipfian,50000,2000000,0,256-16-4-0.50,256,16,4,0.500000,2500000,2600000,0.130374,0.339085,0.591711,0.329758,0.174459,0.457139,4,0.710464,0.078500,24,0.93468,0.70905,1.04387,0.93871,1.02465,1.04308,0.06359,0.10437,0.91093,0.95842,0.44244,0.32113,0.50823,0.44216,0.47249,0.49794,0.03067,0.05578,0.43099,0.45389,2.123008,0.000000,3473136,4583048,23.89,52.00,0.000000,0.000000,0,0,0,0,0,0,3.246262e+06,3.080466e-07,0.757822,0,48,48,30,1
7,False,INSERT,zipfian,50000,2000000,0,256-16-4-0.50,256,16,4,0.500000,2500000,2600000,0.130374,0.339085,0.591711,0.329758,0.174459,0.457139,4,0.710464,0.078500,24,0.65538,0.58707,0.79223,0.65243,0.68999,0.76404,0.03437,0.11161,0.64254,0.66821,0.33914,0.32301,0.37633,0.33683,0.36296,0.37469,0.01331,0.03786,0.33417,0.34411,1.936983,0.000000,3474976,5728176,24.08,52.00,0.000000,0.000000,0,0,0,0,0,0,2.277419e+06,4.390936e-07,0.606646,0,49,49,30,1
7,False,INSERT,zipfian,50000,2000000,0,256-16-4-0.50,256,16,4,0.500000,2500000,2600000,0.130374,0.339085,0.591711,0.329758,0.174459,0.457139,4,0.710464,0.078500,24,0.87874,0.64782,0.98421,0.87632,0.96686,0.98243,0.06498,0.10611,0.85448,0.90300,0.42251,0.30479,0.48069,0.42254,0.46803,0.47909,0.03147,0.05655,0.41076,0.43426,2.073929,0.000000,3474976,4583376,24.08,52.00,0.000000,0.000000,0,0,0,0,0,0,3.053602e+06,3.274821e-07,0.758170,0,49,49,30,1
8,False,INSERT,zipfian,50000,2000000,0,256-16-4-0.50,256,16,4,0.500000,2500000,2600000,0.130374,0.339085,0.591711,0.329758,0.174459,0.457139,4,0.710464,0.078500,24,0.66506,0.59773,0.74159,0.66902,0.71164,0.73751,0.02889,0.06849,0.65427,0.67584,0.33129,0.30733,0.35585,0.32936,0.34829,0.35393,0.01178,0.02457,0.32689,0.33569,2.031296,0.000000,3470976,5723240,23.86,52.00,0.000000,0.000000,0,0,0,0,0,0,2.308400e+06,4.332004e-07,0.606470,0,50,50,30,1
8,False,INSERT,zipfian,50000,2000000,0,256-16-4-0.50,256,16,4,0.500000,2500000,2600000,0.130374,0.339085,0.591711,0.329758,0.174459,0.457139,4,0.710464,0.078500,24,0.91308,0.63591,1.04184,0.91901,0.98772,1.02629,0.06963,0.10728,0.88708,0.93907,0.44191,0.30282,0.49014,0.44802,0.48080,0.48986,0.03451,0.04184,0.42903,0.45480,2.051256,0.000000,3470976,4579792,23.86,52.00,0.000000,0.000000,0,0,0,0,0,0,3.169268e+06,3.155303e-07,0.757889,0,50,50,30,1
9,False,INSERT,zipfian,50000,2000000,0,256-16-4-0.50,256,16,4,0.500000,2500000,2600000,0.130374,0.339085,0.591711,0.329758,0.174459,0.457139,4,0.710464,0.078500,24,0.65267,0.60545,0.71411,0.65310,0.70457,0.71378,0.03307,0.06068,0.64032,0.66502,0.33530,0.29955,0.37376,0.33985,0.36103,0.37085,0.01881,0.03100,0.32827,0.34232,1.921725,0.000000,3472800,5717736,24.04,52.00,0.000000,0.000000,0,0,0,0,0,0,2.266593e+06,4.411909e-07,0.607373,0,51,51,30,1
9,False,INSERT,zipfian,50000,2000000,0,256-16-4-0.50,256,16,4,0.500000,2500000,2600000,0.130374,0.339085,0.591711,0.329758,0.174459,0.457139,4,0.710464,0.078500,24,0.65069,0.58599,0.83643,0.63832,0.71289,0.80431,0.04891,0.16599,0.63243,0.66895,0.31979,0.28364,0.43999,0.31338,0.34887,0.41356,0.02841,0.10018,0.30918,0.33039,2.036851,0.000000,3472800,4573656,24.04,52.00,0.000000,0.000000,0,0,0,0,0,0,2.259727e+06,4.425314e-07,0.759305,0,51,51,30,1
