section,pattern,n,nops,segment_size,shortcuts_per_junction,max_skip_level,level_probability,local_interval,sub_interval,t_j,soft_pct,hard_pct,flagged_ratio_limit,min_seg_len_pct,max_suboptimal_segments,min_suboptimal_events_before_global,emergency_hard_segment_ratio,stop_crash_local_sub,block_size,seed,mean_base_seed,median_base_seed,mean_eval_id,median_eval_id,mean_jli_avg_us,median_jli_avg_us,mean_jli_ci_hi_us,median_jli_ci_hi_us,mean_jli_ci_lo_us,median_jli_ci_lo_us,mean_jli_dissolve_rate,median_jli_dissolve_rate,mean_jli_effective_cost,median_jli_effective_cost,mean_jli_efficiency,median_jli_efficiency,mean_jli_global_rebuild,median_jli_global_rebuild,mean_jli_jitter_us,median_jli_jitter_us,mean_jli_local_rebuild,median_jli_local_rebuild,mean_jli_local_scan,median_jli_local_scan,mean_jli_max_us,median_jli_max_us,mean_jli_mem_bytes,median_jli_mem_bytes,mean_jli_min_us,median_jli_min_us,mean_jli_p50_us,median_jli_p50_us,mean_jli_p95_us,median_jli_p95_us,mean_jli_p99_us,median_jli_p99_us,mean_jli_rebuild_node_touches,median_jli_rebuild_node_touches,mean_jli_rebuild_rate,median_jli_rebuild_rate,mean_jli_stddev_us,median_jli_stddev_us,mean_jli_steps_avg,median_jli_steps_avg,mean_jli_steps_p99,median_jli_steps_p99,mean_jli_sub_rebuild,median_jli_sub_rebuild,mean_jli_sub_scan,median_jli_sub_scan,mean_label,median_label,mean_mem_ratio,median_mem_ratio,mean_param_set,median_param_set,mean_ratio,median_ratio,mean_repetition,median_repetition,mean_repetitions_count,median_repetitions_count,mean_sl_avg_us,median_sl_avg_us,mean_sl_ci_hi_us,median_sl_ci_hi_us,mean_sl_ci_lo_us,median_sl_ci_lo_us,mean_sl_jitter_us,median_sl_jitter_us,mean_sl_max_us,median_sl_max_us,mean_sl_mem_bytes,median_sl_mem_bytes,mean_sl_min_us,median_sl_min_us,mean_sl_p50_us,median_sl_p50_us,mean_sl_p95_us,median_sl_p95_us,mean_sl_p99_us,median_sl_p99_us,mean_sl_stddev_us,median_sl_stddev_us,mean_win_rate,median_win_rate,ratio_ci_low,ratio_ci_high,wilcoxon_p,sign_p
BUILD,sorted,1000000,1000000,128,4,11,0.500000,1000,2500,0.300000,0.250000,0.500000,0.300000,0.300000,0.250000,5,0.950000,0.080000,4,42,47.5,47.5,1.0,1.0,41883.707334,41050.83,42814.237832,41613.61624,40953.176836,40438.842165,0.0,0.0,1042872630000.0,1022144000000.0,9.6068773e-13,9.7834525e-13,0.0,0.0,7372.9423,3156.6305,0.0,0.0,0.0,0.0,49734.39,44821.600000000006,24899253.6,24899168.0,38386.270000000004,38183.15,41427.755,40864.75,46181.175,43778.3825,48800.6973,44550.21799999999,0.0,0.0,0.0,0.0,2492.286283,1379.2737149999998,0.0,0.0,0.0,0.0,0.0,0.0,0.0,0.0,128-4-11-0.50,128-4-11-0.50,0.7780944,0.7780555,0.0,0.0,0.46577326320337525,0.4632595,0.0,0.0,30.0,30.0,89919.47766599999,88519.408335,91579.68992799999,89401.842825,88259.265403,87542.846685,13391.9356,7796.3385,104656.84,96625.95,32000293.6,32001932.0,83944.06,83902.3,88967.71,88271.525,96079.353,92138.9,102359.6456,95514.7135,4446.629371999999,2667.43135,1.0,1.0,0.4591994737238914,0.4723470526828591,0.001953125,0.001953125
BUILD,sorted,100000,100000,128,4,8,0.500000,1000,2500,0.300000,0.250000,0.500000,0.300000,0.300000,0.250000,5,0.950000,0.080000,4,42,47.5,47.5,1.0,1.0,4394.037334000001,4338.556665,4593.265761,4498.757855,4194.808904,4178.35548,0.0,0.0,10950296600.0,10811815000.0,9.1796232e-11,9.2502315e-11,0.0,0.0,1603.624,1232.3265000000001,0.0,0.0,0.0,0.0,6088.58,5657.55,2492078.4,2492072.0,3724.69,3734.6499999999996,4274.3,4278.15,5251.9435,5020.27,5877.924,5510.476500000001,0.0,0.0,0.0,0.0,533.603442,429.074835,0.0,0.0,0.0,0.0,0.0,0.0,0.0,0.0,128-4-8-0.50,128-4-8-0.50,0.7785158,0.77817,0.0,0.0,0.46561612517880413,0.4582695,0.0,0.0,30.0,30.0,9428.074001,9460.793335,9704.418068,9596.89199,9151.729931,9285.03424,1974.0266000000001,1590.884,11422.57,10694.15,3201068.0,3202468.0,8329.92,8311.55,9265.275,9368.775,10678.722,10319.3275,11239.3016,10650.0265,740.146112,640.755935,1.0,1.0,0.456457491992758,0.4747747583648503,0.001953125,0.001953125
BUILD,sorted,10000,10000,128,4,5,0.500000,1000,2500,0.300000,0.250000,0.500000,0.300000,0.300000,0.250000,5,0.950000,0.080000,4,42,47.5,47.5,1.0,1.0,361.317335,353.44667000000004,377.814818,374.56383,344.819849,332.32950500000004,0.0,0.0,90286840.0,88316060.0,1.1158584499999999e-08,1.1326755e-08,0.0,0.0,159.3884,159.664,0.0,0.0,0.0,0.0,534.06,520.05,249880.8,249872.0,318.62,312.0,348.995,334.525,432.695,431.58,508.3834,494.236,0.0,0.0,0.0,0.0,44.186035,45.560545000000005,0.0,0.0,0.0,0.0,0.0,0.0,0.0,0.0,128-4-5-0.50,128-4-5-0.50,0.7800065,0.780262,0.0,0.0,0.44643401654888526,0.434283,0.0,0.0,30.0,30.0,809.409667,774.94,825.25177,790.219665,793.567564,759.6603399999999,127.476,117.096,941.4300000000001,923.55,320358.4,320236.0,752.94,724.95,800.15,769.175,883.2955,844.2574999999999,927.626,898.323,42.430699000000004,39.129625000000004,1.0,1.0,0.43627492377197086,0.45659310932579966,0.001953125,0.001953125
BUILD,sorted,250000,250000,128,4,9,0.500000,1000,2500,0.300000,0.250000,0.500000,0.300000,0.300000,0.250000,5,0.950000,0.080000,4,42,47.5,47.5,1.0,1.0,10517.632666,10527.145,10757.683782,10750.32035,10277.581552,10285.09908,0.0,0.0,65475350000.0,65532445000.0,1.5276701e-11,1.525962e-11,0.0,0.0,1525.4571,1297.1005,0.0,0.0,0.0,0.0,12087.130000000001,11805.45,6225294.4,6225260.0,9443.34,9437.05,10427.545,10371.849999999999,11557.462,11561.002499999999,11953.0021,11772.317500000001,0.0,0.0,0.0,0.0,642.940885,618.218115,0.0,0.0,0.0,0.0,0.0,0.0,0.0,0.0,128-4-9-0.50,128-4-9-0.50,0.7784027,0.778303,0.0,0.0,0.4675572946280708,0.4648085,0.0,0.0,30.0,30.0,22495.763333000003,22435.866665,22891.713716,22798.325395,22099.812952,22073.407939999997,2572.8897,2494.4055,25205.79,24925.0,7997528.8,7998572.0,20682.29,20690.85,22420.455,22433.975,24329.561999999998,24213.9575,24993.3447,24776.6905,1060.493673,1073.4614550000001,1.0,1.0,0.4622986894385416,0.47281589981759997,0.001953125,0.001953125
BUILD,sorted,500000,500000,128,4,10,0.500000,1000,2500,0.300000,0.250000,0.500000,0.300000,0.300000,0.250000,5,0.950000,0.080000,4,42,47.5,47.5,1.0,1.0,26272.395334,26567.638335000003,27496.462129,27536.679035,25048.328537,25598.597629999997,0.0,0.0,327090550000.0,330761150000.0,3.1004165e-12,3.0233675e-12,0.0,0.0,9766.39,6837.65,0.0,0.0,0.0,0.0,36848.27,33909.05,12449973.6,12449996.0,21935.94,22485.4,25643.190000000002,26269.1,31533.75,29694.947500000002,35409.58,33233.35,0.0,0.0,0.0,0.0,3278.479199,2555.3437,0.0,0.0,0.0,0.0,0.0,0.0,0.0,0.0,128-4-10-0.50,128-4-10-0.50,0.7782315,0.7781305000000001,0.0,0.0,0.4508527892965562,0.440961,0.0,0.0,30.0,30.0,58272.441334,60020.399999999994,60405.480820000004,61804.508405,56139.401846,58236.291595,15110.7649,10053.0855,74323.59,71703.05,15997780.0,16000284.0,49764.73,52194.350000000006,57992.595,59801.2,68158.4,66688.32,73103.3599,70337.45850000001,5713.026127,4327.724695,1.0,1.0,0.4412313728980991,0.4604742056950133,0.001953125,0.001953125
BUILD,sorted,50000,50000,128,4,7,0.500000,1000,2500,0.300000,0.250000,0.500000,0.300000,0.300000,0.250000,5,0.950000,0.080000,4,42,47.5,47.5,1.0,1.0,1985.838001,1954.31,2071.835413,2019.68433,1899.840589,1882.927705,0.0,0.0,2474858800.0,2435617000.0,4.0479304e-10,4.1059255e-10,0.0,0.0,714.1055,728.375,0.0,0.0,0.0,0.0,2758.45,2710.0,1246254.4,1246272.0,1730.19,1748.45,1938.335,1924.775,2361.3145,2363.725,2652.4405,2616.367,0.0,0.0,0.0,0.0,230.331158,217.185365,0.0,0.0,0.0,0.0,0.0,0.0,0.0,0.0,128-4-7-0.50,128-4-7-0.50,0.7783679,0.7786025000000001,0.0,0.0,0.4579525562501128,0.451222,0.0,0.0,30.0,30.0,4334.882001,4316.115,4439.44143,4422.5006300000005,4230.32257,4209.72937,782.3857,730.4870000000001,5127.58,4958.549999999999,1601116.0,1600704.0,3956.1,3931.0,4269.3099999999995,4238.6,4823.322,4777.505,5051.6957,4920.371499999999,280.046742,278.965345,1.0,1.0,0.45022952038308267,0.4656755921171429,0.001953125,0.001953125
BUILD,sorted,750000,750000,128,4,11,0.500000,1000,2500,0.300000,0.250000,0.500000,0.300000,0.300000,0.250000,5,0.950000,0.080000,4,42,47.5,47.5,1.0,1.0,30802.863001,30881.038335,31230.077901,31295.8829,30375.648099,30413.135414999997,0.0,0.0,575733260000.0,577203700000.0,1.7372799e-12,1.7324915e-12,0.0,0.0,2540.9977,2271.443,0.0,0.0,0.0,0.0,33512.09,33590.25,18690900.8,18690872.0,28729.56,28742.050000000003,30714.915,30725.85,32518.8075,32573.445,33255.9127,33457.975999999995,0.0,0.0,0.0,0.0,1144.230997,1106.97284,0.0,0.0,0.0,0.0,0.0,0.0,0.0,0.0,128-4-11-0.50,128-4-11-0.50,0.7787723,0.778742,0.0,0.0,0.4677044116305761,0.4666265,0.0,0.0,30.0,30.0,65860.011333,65984.85167,66520.25249299999,66634.93594,65199.770173,65205.230540000004,3802.5473,3098.8105,69974.86,69438.2,24000472.0,24001432.0,62432.05,62499.95,65854.145,66136.07500000001,68508.9595,68623.8375,69656.6923,69330.10250000001,1768.356857,1726.349445,1.0,1.0,0.46356512431497016,0.471843698946182,0.001953125,0.001953125
DELETE,adversarial,100000,28571,512,16,4,0.500000,700,1200,0.204892,0.257791,0.583721,0.236260,0.171230,0.500198,6,0.783564,0.085223,20,52,47.5,47.5,1.0,1.0,0.100442,0.09799,0.103436,0.10002,0.097445,0.09578500000000001,0.00196,0.00196,175163.69,170886.6,5.7226651e-06,5.851842e-06,0.0,0.0,0.018917,0.01409,420.0,420.0,1110.0,1110.0,0.119043,0.112865,1743938.4,1743932.0,0.089083,0.08857499999999999,0.098931,0.09748000000000001,0.114238,0.109345,0.117847,0.11157,170190.0,170190.0,0.000805,0.000805,0.008026,0.006404999999999999,22.6,22.6,40.937,40.93,270.0,270.0,690.0,690.0,nan,nan,0.7625347,0.7623445,0.0,0.0,1.166922602234021,1.171242,0.0,0.0,30.0,30.0,0.086062,0.08390500000000001,0.089146,0.086675,0.082978,0.08151,0.022915,0.01818,0.109574,0.107985,2287034.4,2287632.0,0.074622,0.07467,0.084643,0.08335999999999999,0.10120799999999999,0.09828,0.107559,0.10554,0.008259,0.00765,0.026666600000000002,0.033333,1.1562845183379902,1.1775606861300516,0.001953125,0.001953125
DELETE,adversarial,1000000,285714,1024,32,6,0.500000,1500,2400,0.232048,0.243378,0.449926,0.329084,0.140933,0.545234,2,0.914254,0.067509,24,52,47.5,47.5,1.0,1.0,0.120698,0.120655,0.12252299999999999,0.122725,0.11887400000000001,0.1187,0.000977,0.000977,2097290.0,2096587.0,4.7683423e-07,4.7696575e-07,0.0,0.0,0.013699,0.01057,1740.0,1740.0,5010.0,5010.0,0.135844,0.13087500000000002,17376299.2,17376312.0,0.113791,0.11343,0.119941,0.12001,0.127515,0.12728,0.133641,0.13039499999999998,1696380.0,1696380.0,0.000431,0.000431,0.004887,0.004645,25.608,25.61,45.036,45.03,1950.0,1950.0,3540.0,3540.0,nan,nan,0.7602347,0.760178,0.0,0.0,1.334669309674778,1.3352015000000002,0.0,0.0,30.0,30.0,0.090437,0.09051999999999999,0.09203,0.09222,0.088845,0.08896,0.010418,0.011065,0.10094500000000001,0.10055,22856493.6,22858204.0,0.082823,0.082855,0.089715,0.08946,0.097596,0.09736500000000001,0.10013,0.10006999999999999,0.004267,0.004325,0.0,0.0,1.3246056340956844,1.3447329852538714,0.001953125,0.001953125
DELETE,adversarial,250000,71428,512,32,5,0.500000,900,2000,0.244665,0.336941,0.497476,0.313290,0.149095,0.579623,2,0.795997,0.035064,24,52,47.5,47.5,1.0,1.0,0.114635,0.114155,0.117413,0.11687,0.111855,0.111655,0.00196,0.00196,504691.02,502578.35,1.9819639e-06,1.9898135000000003e-06,0.0,0.0,0.022062000000000002,0.01777,810.0,810.0,2280.0,2280.0,0.13773,0.13263,4402613.6,4402616.0,0.104688,0.104795,0.113236,0.113115,0.127585,0.12651,0.1353,0.130945,322800.0,322800.0,0.000616,0.000616,0.007441,0.00713,17.549,17.56,28.457,28.47,510.0,510.0,1050.0,1050.0,nan,nan,0.7705958,0.770389,0.0,0.0,1.2940159652304968,1.2938375,0.0,0.0,30.0,30.0,0.088588,0.088535,0.090612,0.09047,0.086562,0.08657000000000001,0.015743,0.01483,0.105785,0.105465,5713265.6,5714804.0,0.080902,0.08147499999999999,0.087784,0.087705,0.09710099999999999,0.09607,0.103527,0.10314999999999999,0.005424,0.00522,0.0033333,0.0,1.281698677094937,1.3063332533660565,0.001953125,0.001953125
DELETE,adversarial,500000,142857,1024,24,5,0.500000,1300,2000,0.250000,0.300000,0.550000,0.290000,0.150000,0.700000,2,0.800000,0.050000,16,52,47.5,47.5,1.0,1.0,0.119196,0.11793500000000001,0.122046,0.119965,0.116345,0.11604500000000001,0.00098,0.00098,1032995.3,1022059.0,9.685627999999999e-07,9.7842815e-07,0.0,0.0,0.023193,0.014475,960.0,960.0,3120.0,3120.0,0.14336100000000002,0.13298,8666333.6,8666336.0,0.109718,0.10947,0.117846,0.117475,0.132256,0.127285,0.141038,0.13050499999999998,920250.0,920250.0,0.000448,0.000448,0.007632,0.005785,33.393,33.394999999999996,73.897,73.9,960.0,960.0,2130.0,2130.0,nan,nan,0.7584815,0.7584265,0.0,0.0,1.3206634874305678,1.3222260000000001,0.0,0.0,30.0,30.0,0.090249,0.089545,0.092072,0.091095,0.08842900000000001,0.08809,0.012208,0.01055,0.102573,0.09913,11425900.8,11426748.0,0.08263,0.08274,0.0895,0.089255,0.098782,0.098085,0.10171,0.098825,0.004881,0.00481,0.0,0.0,1.311133251201905,1.3301937236592307,0.001953125,0.001953125
DELETE,adversarial,50000,14285,512,16,4,0.500000,800,1200,0.251650,0.241167,0.623079,0.260798,0.125581,0.504219,4,0.721288,0.085884,12,52,47.5,47.5,1.0,1.0,0.099977,0.10024,0.103312,0.10316,0.096644,0.096865,0.00196,0.00196,87203.103,87432.34,1.1480022e-05,1.1437724999999999e-05,0.0,0.0,0.026371,0.02129,60.0,60.0,360.0,360.0,0.127298,0.12145,872221.6,872220.0,0.088846,0.08789,0.098258,0.09834999999999999,0.115103,0.114165,0.124629,0.120425,24930.0,24930.0,0.00042,0.00042,0.008927000000000001,0.00841,22.599,22.595,40.315,40.33,120.0,120.0,330.0,330.0,nan,nan,0.7629216,0.76335,0.0,0.0,1.2248346910090477,1.2187125,0.0,0.0,30.0,30.0,0.081652,0.08116499999999999,0.08462,0.083955,0.078689,0.07838500000000001,0.021397,0.021429999999999998,0.10393,0.10533000000000001,1143268.8,1142632.0,0.069891,0.06972,0.080404,0.08024,0.094926,0.09357,0.101799,0.102175,0.007941,0.0078,0.0033333,0.0,1.2146245946262604,1.235044787391835,0.001953125,0.001953125
DELETE,hotspot,100000,28571,256,32,5,0.500000,1000,2200,0.170884,0.335948,0.659777,0.308997,0.140028,0.436249,3,0.703163,0.042071,24,52,47.5,47.5,1.0,1.0,0.38021099999999997,0.37534,0.406838,0.396045,0.353586,0.35463500000000003,1e-06,1e-06,830467.29,819749.2,1.2063096e-06,1.219888e-06,0.0,0.0,0.196232,0.11586,33.2,33.0,390.0,390.0,0.608055,0.493665,2184210.4,2184528.0,0.289703,0.292385,0.374165,0.37387000000000004,0.4696,0.448325,0.570399,0.484705,110077.1,110215.5,0.000177,0.000177,0.071312,0.05284,11.583,11.594999999999999,17.933,17.95,118.7,119.0,180.0,180.0,nan,nan,0.7935532,0.7935105,0.0,0.0,1.0167076445346641,1.015971,0.0,0.0,30.0,30.0,0.373988,0.374925,0.395136,0.39376500000000003,0.352838,0.35178,0.139811,0.11166999999999999,0.52139,0.473665,2752448.0,2751788.0,0.289567,0.288995,0.366766,0.36450499999999997,0.465215,0.4501,0.506575,0.471235,0.056646,0.052045,0.4766667,0.48333349999999997,0.9880515111482562,1.045363777921072,0.375,1.0
DELETE,hotspot,1000000,285714,256,32,8,0.500000,2800,3600,0.175590,0.279927,0.532921,0.373574,0.126024,0.196206,4,0.841774,0.051111,16,52,47.5,47.5,1.0,1.0,0.853095,0.85682,0.87708,0.883475,0.829109,0.830155,1e-06,1e-06,18617662.0,18701320.0,5.3742872e-08,5.3472185e-08,0.0,0.0,0.156325,0.15453,78.0,77.5,1470.0,1470.0,1.013823,1.01951,21823717.6,21825936.0,0.746841,0.746375,0.843991,0.842265,0.95736,0.96298,1.000318,1.006145,4243442.7,4245027.0,0.0001443,0.000144,0.06424,0.066515,15.864,15.865,26.343,26.37,1157.5,1157.5,1157.5,1157.5,nan,nan,0.793422,0.793443,0.0,0.0,1.1049785155783878,1.092922,0.0,0.0,30.0,30.0,0.772184,0.7755000000000001,0.796013,0.797715,0.748356,0.75118,0.146018,0.12678,0.929185,0.90974,27505810.4,27508516.0,0.659497,0.65649,0.768775,0.77275,0.869286,0.878295,0.914792,0.90374,0.063821,0.05696,0.1999999,0.2,1.0954915131381913,1.1144655180185843,0.001953125,0.001953125
DELETE,hotspot,250000,71428,256,32,7,0.500000,1100,3000,0.124843,0.240867,0.643750,0.346463,0.155624,0.270239,5,0.893860,0.042370,10,52,47.5,47.5,1.0,1.0,0.519964,0.517935,0.538497,0.537245,0.501435,0.5012000000000001,1e-07,0.0,2839821.7,2828136.5,3.5234575e-07,3.5359015000000005e-07,0.0,0.0,0.094213,0.090645,48.7,49.5,900.0,900.0,0.620574,0.61915,5461573.6,5460880.0,0.42090500000000003,0.41992,0.519868,0.515285,0.593943,0.592715,0.61408,0.613445,325309.8,325322.0,0.0001295,0.0001305,0.049632,0.049275,13.787,13.780000000000001,22.061,22.085,228.8,229.0,330.0,330.0,nan,nan,0.7943443,0.7941295,0.0,0.0,1.024655480291917,1.0292835,0.0,0.0,30.0,30.0,0.507633,0.5092,0.530986,0.529935,0.48428,0.485095,0.145184,0.112945,0.6665639999999999,0.63256,6875579.2,6875108.0,0.406975,0.40342500000000003,0.504906,0.507605,0.600873,0.60149,0.65009,0.62045,0.062546,0.05721,0.4533334,0.41666650000000005,1.0051837061332154,1.0441272544506186,0.01953125,0.021484375
DELETE,hotspot,500000,142857,256,32,7,0.500000,2200,3000,0.150000,0.300000,0.550000,0.320000,0.150000,0.550000,6,0.850000,0.060000,16,52,47.5,47.5,1.0,1.0,0.704441,0.7035800000000001,0.728898,0.72804,0.67998,0.678835,3e-06,3e-06,7686668.9,7677599.5,1.3013365e-07,1.3024904999999999e-07,0.0,0.0,0.135931,0.13289499999999999,51.5,51.5,900.0,900.0,0.851262,0.8386750000000001,10911753.6,10912040.0,0.579888,0.5865750000000001,0.702636,0.70346,0.799853,0.796125,0.838569,0.8266899999999999,1501945.3,1502289.0,0.00012440000000000002,0.000124,0.065509,0.06354499999999999,14.994,14.99,24.194,24.215,481.7,482.0,690.0,690.0,nan,nan,0.7935768,0.7935399999999999,0.0,0.0,1.0443050937185434,1.060574,0.0,0.0,30.0,30.0,0.674712,0.67581,0.701217,0.7015100000000001,0.648206,0.65045,0.179047,0.140515,0.876118,0.814105,13750094.4,13753004.0,0.556917,0.55625,0.668934,0.6675599999999999,0.770851,0.771085,0.847982,0.8077650000000001,0.070992,0.06503,0.3833333,0.4,1.0270751538136556,1.0615350336234313,0.001953125,0.001953125
DELETE,hotspot,50000,14285,256,16,5,0.500000,800,1400,0.147004,0.242730,0.485982,0.324865,0.132228,0.413960,4,0.853664,0.067383,12,52,47.5,47.5,1.0,1.0,0.315044,0.31411999999999995,0.335994,0.336015,0.294096,0.292235,1.2e-06,2e-06,337098.02,335806.75,2.9700039e-06,2.9779784999999996e-06,0.0,0.0,0.13173400000000002,0.11981,0.6,1.0,240.0,240.0,0.453341,0.446885,1070016.0,1070444.0,0.236731,0.23385,0.30934,0.309585,0.403939,0.399015,0.441073,0.43644,75521.1,75502.5,0.0003255,0.0003255,0.05611,0.055155,13.203,13.205,23.987000000000002,24.0,138.9,138.5,138.9,138.5,nan,nan,0.7772033,0.777436,0.0,0.0,1.0299699460867955,1.025091,0.0,0.0,30.0,30.0,0.306153,0.30194,0.323795,0.319685,0.288513,0.283435,0.107732,0.103335,0.414726,0.41259,1376755.2,1376196.0,0.231355,0.23413,0.300277,0.29678000000000004,0.383043,0.39122999999999997,0.408007,0.40917499999999996,0.047248,0.047835,0.4300001,0.43333350000000004,1.0075383791959147,1.0524015129776763,0.01953125,0.021484375
DELETE,random,100000,28571,256,32,5,0.500000,1400,1500,0.159640,0.327120,0.476802,0.329953,0.170510,0.132595,4,0.911536,0.036960,16,52,47.5,47.5,1.0,1.0,0.529458,0.52781,0.560073,0.55619,0.49884700000000004,0.49977499999999997,0.0,0.0,1024219.83,1020839.5,9.7736921e-07,9.7962595e-07,0.0,0.0,0.182842,0.17624,0.0,0.0,510.0,510.0,0.7104,0.701605,1934484.8,1934532.0,0.400661,0.40241499999999997,0.51879,0.51478,0.667376,0.666435,0.701632,0.694605,21987.1,22232.0,0.00020449999999999998,0.000207,0.081997,0.07962,12.331,12.32,19.355,19.37,175.1,177.0,480.0,480.0,nan,nan,0.8040723,0.803924,0.0,0.0,0.9452370948760466,0.953943,0.0,0.0,30.0,30.0,0.560334,0.55924,0.595608,0.592495,0.52506,0.52667,0.235933,0.1935,0.803084,0.761165,2405864.8,2406920.0,0.428148,0.42667999999999995,0.546196,0.54972,0.715014,0.71265,0.782128,0.74902,0.094474,0.09175,0.6833334,0.7,0.9225170717731461,0.967957117978947,0.001953125,0.001953125
DELETE,random,1000000,285714,256,32,8,0.500000,3000,3800,0.127111,0.325628,0.481920,0.366328,0.166927,0.272777,5,0.806981,0.055879,16,52,47.5,47.5,1.0,1.0,1.207797,1.20875,1.22363,1.222855,1.191967,1.193,0.0,0.0,23346319.0,23364635.0,4.2834963e-08,4.279976e-08,0.0,0.0,0.112871,0.08338000000000001,0.0,0.0,2340.0,2340.0,1.326931,1.295145,19329670.4,19330544.0,1.143877,1.137155,1.201978,1.2005949999999999,1.277058,1.267265,1.31485,1.289545,108920.0,109045.0,0.000228,0.000228,0.042401,0.035949999999999996,15.294,15.29,25.634999999999998,25.63,1950.0,1950.0,1950.0,1950.0,nan,nan,0.8038742999999999,0.803851,0.0,0.0,1.0066206146485572,1.0090235,0.0,0.0,30.0,30.0,1.199922,1.198895,1.216428,1.21776,1.183416,1.18312,0.114664,0.09605,1.3198590000000001,1.292235,24045638.4,24045324.0,1.131974,1.137025,1.192929,1.1934,1.270209,1.2657,1.307591,1.2898450000000001,0.04421,0.041120000000000004,0.4099999,0.433333,0.9989841974484652,1.0142570318486492,0.10546875,0.34375
DELETE,random,250000,71428,256,32,6,0.500000,2300,3400,0.172268,0.324341,0.605698,0.353393,0.139228,0.638760,6,0.890463,0.046629,24,52,47.5,47.5,1.0,1.0,0.7665029999999999,0.76942,0.800017,0.803215,0.73299,0.73292,0.0,0.0,3704063.1,3718477.0,2.7007178e-07,2.6892970000000004e-07,0.0,0.0,0.153138,0.149735,0.0,0.0,801.5,801.0,0.9383,0.926685,4832405.6,4832672.0,0.585016,0.59637,0.773668,0.775925,0.889244,0.888405,0.926807,0.917085,359.4,399.0,1.6e-06,2e-06,0.08976,0.092555,12.99,12.985,20.342,20.35,3.6,4.0,540.0,540.0,nan,nan,0.8040927,0.8040925,0.0,0.0,0.9323652669211097,0.9258815,0.0,0.0,30.0,30.0,0.822233,0.8175950000000001,0.856444,0.852935,0.788021,0.7849250000000001,0.159373,0.16541499999999998,0.99781,0.990135,6009764.8,6010504.0,0.639213,0.635325,0.8307749999999999,0.830595,0.9590259999999999,0.9596549999999999,0.990147,0.9846699999999999,0.091631,0.088975,0.6866667,0.6833335,0.9206734721003992,0.9440570617418201,0.001953125,0.001953125
DELETE,random,500000,142857,256,32,7,0.500000,2200,3000,0.150000,0.300000,0.550000,0.320000,0.150000,0.550000,6,0.850000,0.060000,16,52,47.5,47.5,1.0,1.0,1.125337,1.122465,1.16212,1.15992,1.088552,1.08048,5e-07,5e-07,10875436.0,10850505.0,9.209119e-08,9.2161765e-08,0.0,0.0,0.23566199999999998,0.171495,93.2,93.0,1590.0,1590.0,1.402078,1.347645,9664163.2,9664644.0,0.947919,0.918885,1.124689,1.108555,1.250329,1.254905,1.3603480000000001,1.33013,158389.7,159208.0,0.0001575,0.0001585,0.09852,0.100775,14.336,14.335,23.793,23.83,582.6,585.5,1230.0,1230.0,nan,nan,0.8040691,0.8039769999999999,0.0,0.0,0.9691682618623426,0.9660314999999999,0.0,0.0,30.0,30.0,1.16206,1.1429900000000002,1.198012,1.18484,1.1261079999999999,1.10408,0.195457,0.16720000000000002,1.374603,1.3189250000000001,12019074.4,12020648.0,0.978193,0.964825,1.1596710000000001,1.1399650000000001,1.298176,1.29887,1.355126,1.317645,0.096294,0.094615,0.61,0.6,0.9480642888049955,0.9902722349196897,0.009765625,0.109375
DELETE,random,50000,14285,256,32,5,0.500000,700,1800,0.135949,0.244878,0.455485,0.294900,0.176676,0.676352,2,0.728343,0.043861,12,52,47.5,47.5,1.0,1.0,0.425533,0.419675,0.449967,0.44431,0.4011,0.396835,0.0,0.0,411794.27,405944.45,2.4304475e-06,2.4633919999999998e-06,0.0,0.0,0.164906,0.17379,0.0,0.0,510.0,510.0,0.590952,0.590635,967705.6,967584.0,0.33367,0.32906,0.41264,0.40657,0.534235,0.534305,0.577548,0.5825899999999999,12540.9,12541.0,0.00042,0.00042,0.065441,0.06493499999999999,11.674,11.675,18.525,18.53,180.0,180.0,180.0,180.0,nan,nan,0.8038887,0.804329,0.0,0.0,0.9647620219124878,0.9837205,0.0,0.0,30.0,30.0,0.441312,0.431985,0.469124,0.4591,0.413504,0.40488,0.192779,0.18694,0.625367,0.615505,1203782.4,1203624.0,0.337588,0.336355,0.424191,0.412185,0.576686,0.57254,0.616969,0.610455,0.074485,0.07289999999999999,0.5633334,0.5833335,0.9503323340297786,0.9791917097951971,0.001953125,0.001953125
DELETE,sequential,100000,28571,1024,4,3,0.500000,1400,1800,0.287312,0.139088,0.428902,0.276262,0.152707,0.497493,5,0.738939,0.063325,16,52,47.5,47.5,1.0,1.0,0.180139,0.1897,0.197068,0.20861000000000002,0.163211,0.17078500000000002,0.000945,0.000945,310346.1,326810.05000000005,3.4317571e-06,3.0900975e-06,0.0,0.0,0.09782,0.09120500000000001,270.0,270.0,540.0,540.0,0.28405600000000003,0.29952500000000004,1722816.8,1722816.0,0.107893,0.112565,0.17997,0.182455,0.253145,0.27043,0.27779,0.296215,225990.0,225990.0,0.000595,0.000595,0.045342,0.04822,3.0,3.0,3.0,3.0,240.0,240.0,450.0,450.0,nan,nan,0.7535013,0.753304,0.0,0.0,0.8541003500900921,0.874183,0.0,0.0,30.0,30.0,0.210273,0.221715,0.231321,0.24922,0.189227,0.194215,0.129905,0.12412,0.339999,0.334835,2286419.2,2287012.0,0.128412,0.122365,0.20161300000000001,0.20668,0.302283,0.312445,0.331516,0.32935000000000003,0.056368,0.057415,0.7766666,0.766667,0.831342735145105,0.8768579650350792,0.001953125,0.001953125
DELETE,sequential,1000000,285714,1024,10,6,0.500000,1900,3200,0.252964,0.135041,0.449509,0.304891,0.128077,0.159762,2,0.932487,0.059888,20,52,47.5,47.5,1.0,1.0,0.13592100000000001,0.13633,0.144658,0.144685,0.127184,0.127845,0.000977,0.000977,2345170.7,2352304.0,4.2668023e-07,4.2511785e-07,0.0,0.0,0.042078,0.04017,1230.0,1230.0,4350.0,4350.0,0.177467,0.176215,17253971.2,17253996.0,0.098902,0.09816,0.134068,0.135195,0.171319,0.16998000000000002,0.176145,0.175085,1240440.0,1240440.0,0.000312,0.000312,0.023400999999999998,0.02323,4.0,4.0,4.0,4.0,1440.0,1440.0,2670.0,2670.0,nan,nan,0.7547639,0.754671,0.0,0.0,0.9343439507991338,0.9284755,0.0,0.0,30.0,30.0,0.145602,0.147095,0.155378,0.155735,0.135829,0.13846,0.057259,0.050915,0.209401,0.19152,22860095.2,22862968.0,0.104703,0.105385,0.14491199999999999,0.1451,0.182075,0.182445,0.202172,0.18948500000000001,0.026181,0.0246,0.6,0.633333,0.9121736145448147,0.9565142870534529,0.001953125,0.001953125
DELETE,sequential,250000,71428,1024,8,4,0.500000,1200,2000,0.295454,0.154075,0.524677,0.255114,0.169937,0.273678,5,0.711825,0.079575,24,52,47.5,47.5,1.0,1.0,0.172433,0.16938,0.189957,0.18506499999999998,0.154909,0.153395,0.000966,0.000966,743382.41,730217.3,1.3530693e-06,1.3695525e-06,0.0,0.0,0.118925,0.09774,450.0,450.0,1740.0,1740.0,0.302432,0.27037500000000003,4311126.4,4311132.0,0.104286,0.101515,0.16761,0.166905,0.24083100000000002,0.23519,0.286536,0.26078999999999997,1741500.0,1741500.0,0.0007,0.0007,0.046934000000000003,0.044195,4.0,4.0,4.0,4.0,1050.0,1050.0,1050.0,1050.0,nan,nan,0.7549185,0.7548495,0.0,0.0,0.9112982875426072,0.917266,0.0,0.0,30.0,30.0,0.18987199999999999,0.19033,0.208782,0.210185,0.170963,0.1721,0.116085,0.10200500000000001,0.312559,0.29315,5710720.8,5711252.0,0.114733,0.11226,0.184562,0.181635,0.265588,0.25303,0.300648,0.28656000000000004,0.050642,0.049975000000000006,0.6833333,0.7166665,0.8767550914326442,0.9458414836525703,0.001953125,0.001953125
DELETE,sequential,500000,142857,1024,8,5,0.500000,2000,2200,0.300000,0.150000,0.450000,0.290000,0.150000,0.650000,4,0.950000,0.070000,24,52,47.5,47.5,1.0,1.0,0.206754,0.19171,0.223493,0.209405,0.19001200000000001,0.17583500000000002,0.000973,0.000973,1782509.0,1652781.5,5.6892479e-07,6.050578e-07,0.0,0.0,0.086066,0.079215,510.0,510.0,1950.0,1950.0,0.302366,0.2903,8621447.2,8621460.0,0.122949,0.11628,0.209758,0.19808,0.27236,0.26829499999999995,0.295822,0.28891999999999995,1368420.0,1368420.0,0.000567,0.000567,0.044834,0.040895,4.0,4.0,4.0,4.0,1920.0,1920.0,1920.0,1920.0,nan,nan,0.7544865,0.754313,0.0,0.0,0.897733651043841,0.9131495000000001,0.0,0.0,30.0,30.0,0.230692,0.22030499999999997,0.252663,0.24035499999999999,0.208724,0.20159500000000002,0.144363,0.11643500000000001,0.399791,0.34509999999999996,11426911.2,11429608.0,0.130915,0.12331,0.227915,0.22203499999999998,0.300336,0.29717,0.372278,0.339415,0.058841,0.055945,0.6966666,0.7166665,0.860590470249832,0.9348768318378499,0.001953125,0.001953125
DELETE,sequential,50000,14285,512,4,3,0.500000,1200,1300,0.281797,0.139244,0.466898,0.234808,0.138289,0.692591,6,0.930044,0.078168,24,52,47.5,47.5,1.0,1.0,0.156537,0.154285,0.17465,0.17120000000000002,0.138423,0.13841,0.00189,0.00189,135486.68,133538.65000000002,7.4467535e-06,7.488472e-06,0.0,0.0,0.12537500000000001,0.10971,90.0,90.0,300.0,300.0,0.290228,0.276535,865527.2,865528.0,0.090479,0.09078,0.149025,0.15255,0.23076,0.224945,0.27440200000000003,0.26030000000000003,48930.0,48930.0,0.00056,0.00056,0.048513,0.044289999999999996,3.0,3.0,3.0,3.0,150.0,150.0,300.0,300.0,nan,nan,0.7568792,0.757155,0.0,0.0,0.9392678836705807,0.9019225,0.0,0.0,30.0,30.0,0.167095,0.16249,0.18681899999999999,0.178865,0.147373,0.14611000000000002,0.13778,0.109545,0.311905,0.26956,1143551.2,1143116.0,0.100692,0.1013,0.158789,0.15684,0.25018,0.232875,0.296568,0.26076,0.052822,0.047335,0.7033332,0.683333,0.8960654336061936,0.9824703337349677,0.013671875,0.109375
DELETE,zipfian,100000,28571,256,20,7,0.500000,900,2800,0.334262,0.286481,0.550117,0.231098,0.122642,0.608874,2,0.793321,0.083351,4,52,47.5,47.5,1.0,1.0,0.31787,0.31862999999999997,0.33573,0.334215,0.300009,0.301025,0.0,0.0,717771.38,719714.1499999999,1.3945938e-06,1.3894425e-06,0.0,0.0,0.09624100000000001,0.0979,1.0,1.0,300.0,300.0,0.418652,0.40685,2258076.8,2257848.0,0.237825,0.233985,0.317758,0.319855,0.395043,0.38427500000000003,0.413999,0.40206,26469.4,26494.5,0.000106,0.000106,0.047838,0.044755,6.237,6.24,25.088,25.085,90.0,90.0,90.0,90.0,nan,nan,0.7826263,0.782212,0.0,0.0,1.0489842913565028,1.050322,0.0,0.0,30.0,30.0,0.303207,0.30193000000000003,0.321538,0.32139,0.284875,0.285145,0.10858,0.09197,0.420639,0.39963000000000004,2885260.0,2886804.0,0.228605,0.22686,0.301299,0.30667,0.380318,0.386075,0.40988,0.394215,0.0491,0.047405,0.4033334,0.3833335,1.0296143283818378,1.068354254331168,0.001953125,0.001953125
DELETE,zipfian,1000000,285714,256,32,10,0.500000,2400,3000,0.292551,0.271026,0.632562,0.226041,0.138796,0.687110,5,0.944070,0.080088,5,52,47.5,47.5,1.0,1.0,0.545965,0.54236,0.56246,0.5597300000000001,0.529468,0.5249250000000001,1e-07,0.0,12679980.0,12598655.0,7.895358399999999e-08,7.9373875e-08,0.0,0.0,0.102542,0.09013499999999999,8.5,8.5,870.0,870.0,0.657249,0.64637,23224854.4,23224208.0,0.475382,0.477055,0.544515,0.5393600000000001,0.615192,0.60646,0.647058,0.6366400000000001,465356.2,465132.5,9.9e-05,9.9e-05,0.044184,0.040195,5.7589999999999995,5.76,23.386,23.4,840.5,840.5,840.5,840.5,nan,nan,0.7943576,0.794361,0.0,0.0,1.0641283923007159,1.063727,0.0,0.0,30.0,30.0,0.51306,0.5101,0.529568,0.525325,0.496552,0.49266,0.100466,0.08088000000000001,0.621238,0.6023700000000001,29237283.2,29237392.0,0.430679,0.42628,0.5099710000000001,0.50931,0.578466,0.568585,0.6104350000000001,0.59691,0.044219,0.04252,0.3299998,0.333333,1.0468604947881435,1.0813962898132883,0.001953125,0.001953125
DELETE,zipfian,250000,71428,256,20,8,0.500000,1300,3000,0.399976,0.248921,0.778873,0.259158,0.170219,0.267503,5,0.906130,0.044799,4,52,47.5,47.5,1.0,1.0,0.40991,0.41434499999999996,0.42967299999999997,0.43306500000000003,0.39015,0.39237,0.0,0.0,2326270.8,2350550.0,4.3065041e-07,4.254603e-07,0.0,0.0,0.121216,0.11645,0.0,0.0,518.0,518.0,0.536132,0.5223150000000001,5675047.2,5675420.0,0.314413,0.318955,0.406299,0.409105,0.494887,0.496455,0.527518,0.5170250000000001,22512.7,22515.5,9.8e-05,9.8e-05,0.052927,0.055245,6.24,6.24,26.406,26.4,209.0,209.0,210.0,210.0,nan,nan,0.7825791,0.7823825,0.0,0.0,1.061657464081353,1.0669819999999999,0.0,0.0,30.0,30.0,0.386412,0.387235,0.405948,0.40701,0.366875,0.367455,0.10852500000000001,0.10705,0.5023029999999999,0.50654,7251727.2,7253588.0,0.29339,0.299705,0.386902,0.38382499999999997,0.469526,0.46399500000000005,0.495427,0.49687000000000003,0.052327,0.052860000000000004,0.36,0.3833335,1.0374661938617136,1.0858487343009924,0.00390625,0.021484375
DELETE,zipfian,500000,142857,512,32,8,0.500000,2300,3400,0.350000,0.250000,0.650000,0.250000,0.150000,0.600000,2,0.750000,0.070000,5,52,47.5,47.5,1.0,1.0,0.530985,0.5322199999999999,0.54749,0.551435,0.514477,0.5144949999999999,0.0,0.0,5972454.3,5986800.0,1.6752448e-07,1.670349e-07,0.0,0.0,0.08897000000000001,0.08407500000000001,2.0,2.0,570.0,570.0,0.626383,0.619715,11247933.6,11247796.0,0.445393,0.45432,0.530052,0.5318499999999999,0.597119,0.600025,0.619021,0.617145,140047.7,140164.5,9.1e-05,9.1e-05,0.044212,0.04124,6.678999999999999,6.68,26.93,26.93,388.1,388.0,390.0,390.0,nan,nan,0.7724434,0.7723415,0.0,0.0,1.0459806023119576,1.0508385,0.0,0.0,30.0,30.0,0.507881,0.505925,0.528473,0.526585,0.487292,0.48674,0.132428,0.10418,0.65299,0.61825,14561502.4,14564156.0,0.404624,0.39258499999999996,0.504824,0.5130399999999999,0.589173,0.590745,0.637254,0.61709,0.055150000000000005,0.051394999999999996,0.3666666,0.35,1.0294596374705696,1.0625015671533455,0.001953125,0.001953125
DELETE,zipfian,50000,14285,256,32,6,0.500000,1500,1600,0.355983,0.249009,0.667342,0.254362,0.139421,0.381037,6,0.956053,0.063271,6,52,47.5,47.5,1.0,1.0,0.243718,0.24360500000000002,0.261878,0.25734,0.225559,0.228325,0.0,0.0,278294.5,278028.4,3.5955631e-06,3.59676e-06,0.0,0.0,0.126859,0.06636500000000001,0.0,0.0,60.0,60.0,0.395892,0.31211,1141860.8,1141984.0,0.181697,0.179485,0.241931,0.24262499999999998,0.29838200000000004,0.29986,0.36878900000000003,0.30996,17054.9,17049.0,0.00021,0.00021,0.048639,0.037115,5.1930000000000005,5.19,17.497,17.5,90.0,90.0,90.0,90.0,nan,nan,0.795169,0.7955525,0.0,0.0,0.9393471784588707,0.9238139999999999,0.0,0.0,30.0,30.0,0.259791,0.256725,0.276327,0.27268000000000003,0.243257,0.243425,0.099379,0.086435,0.37202,0.33962000000000003,1436001.6,1435824.0,0.188085,0.188915,0.261389,0.26023,0.326001,0.32308499999999996,0.360771,0.33785,0.044287,0.04203,0.6666668,0.666667,0.9081925535592252,0.9705018033585162,0.00390625,0.021484375
INSERT,adversarial,100000,28571,8192,10,1,0.500000,800,1000,0.355955,0.164960,0.519242,0.293161,0.166111,0.293693,5,0.929674,0.075507,24,52,47.5,47.5,1.0,1.0,0.135707,0.13585999999999998,0.144582,0.14460499999999998,0.12683,0.12706499999999998,0.0,0.0,419177.31,419646.80000000005,2.3891977e-06,2.3832095e-06,0.0,0.0,0.043539,0.04424,0.0,0.0,870.0,870.0,0.1808,0.17717,3088856.0,3088856.0,0.102138,0.10246,0.135377,0.13927,0.171875,0.170745,0.178917,0.176055,1347120.0,1347120.0,0.000175,0.000175,0.023771,0.02371,1.0,1.0,1.0,1.0,150.0,150.0,840.0,840.0,nan,nan,0.7505037999999999,0.750359,0.0,0.0,0.8691113435811321,0.8775425,0.0,0.0,30.0,30.0,0.156146,0.156915,0.163673,0.16502,0.148617,0.1488,0.049167999999999996,0.049255,0.208759,0.21056999999999998,4115716.8,4116504.0,0.12586,0.126675,0.15483,0.15511,0.188627,0.188625,0.203998,0.20563,0.020161,0.020104999999999998,0.7933333,0.833333,0.8479245707091695,0.8902981164530946,0.001953125,0.001953125
INSERT,adversarial,1000000,285714,16384,10,2,0.500000,1700,2000,0.314996,0.147194,0.607957,0.314007,0.121116,0.521999,3,0.861516,0.042777,16,52,47.5,47.5,1.0,1.0,0.218462,0.21735,0.231981,0.23126,0.204946,0.20417000000000002,0.0,0.0,6743952.0,6709619.5,1.4836802e-07,1.4904315e-07,0.0,0.0,0.045193,0.03844,90.0,90.0,4800.0,4800.0,0.276463,0.26883500000000005,30869963.2,30869964.0,0.136603,0.133885,0.226457,0.225215,0.257467,0.25727,0.271648,0.267595,14613360.0,14613360.0,7.4e-05,7.4e-05,0.036207,0.03629,3.15,3.15,4.728,4.715,540.0,540.0,4260.0,4260.0,nan,nan,0.7503549,0.750329,0.0,0.0,0.9719472321131025,0.992027,0.0,0.0,30.0,30.0,0.224848,0.223775,0.235856,0.234175,0.21384,0.21306,0.050662,0.036735000000000004,0.283869,0.268045,41140492.0,41141916.0,0.154138,0.152615,0.228455,0.22791499999999998,0.262097,0.25756999999999997,0.279116,0.26452,0.02948,0.02815,0.5566666,0.533333,0.9547883830592624,0.9891060811669427,0.00390625,0.021484375
INSERT,adversarial,250000,71428,16384,24,1,0.500000,1100,1600,0.347517,0.178176,0.605916,0.431145,0.160013,0.579746,5,0.794832,0.036739,24,52,47.5,47.5,1.0,1.0,0.170014,0.17237,0.18748700000000001,0.18802000000000002,0.152538,0.15243,0.0,0.0,1312499.3,1330685.0,7.6450585e-07,7.5150865e-07,0.0,0.0,0.108849,0.08827,30.0,30.0,1830.0,1830.0,0.28377,0.255845,7719984.0,7719984.0,0.107765,0.107615,0.162798,0.163905,0.237105,0.23442000000000002,0.271645,0.25114,3223440.0,3223440.0,7e-05,7e-05,0.0468,0.043435,1.0,1.0,1.0,1.0,120.0,120.0,1320.0,1320.0,nan,nan,0.7506551,0.7505865,0.0,0.0,0.9252179619713485,0.9264295,0.0,0.0,30.0,30.0,0.183703,0.18258,0.198354,0.19670500000000002,0.169053,0.16859000000000002,0.079959,0.07879,0.257989,0.25824,10284336.8,10285268.0,0.130023,0.12864,0.175639,0.17436000000000001,0.247552,0.24720999999999999,0.2556,0.25558499999999995,0.03924,0.039625,0.6966666,0.7166665,0.8945181586821154,0.9559177652605817,0.001953125,0.001953125
INSERT,adversarial,500000,142857,16384,16,1,0.500000,1400,1600,0.300000,0.150000,0.550000,0.360000,0.150000,0.700000,4,0.850000,0.080000,16,52,47.5,47.5,1.0,1.0,0.168019,0.152865,0.178283,0.16054,0.157756,0.14576,0.0,0.0,2593714.2,2359835.5,3.9343528e-07,4.238711e-07,0.0,0.0,0.040609,0.037165000000000004,150.0,150.0,2700.0,2700.0,0.212758,0.19581500000000002,15437000.0,15437000.0,0.12126,0.11798,0.170865,0.154225,0.206557,0.18411,0.211474,0.192615,9888360.0,9888360.0,9.1e-05,9.1e-05,0.027491,0.023,2.31,2.31,3.0,3.0,240.0,240.0,2670.0,2670.0,nan,nan,0.7505113999999999,0.750427,0.0,0.0,0.9664668203238019,0.9740665,0.0,0.0,30.0,30.0,0.173686,0.15595,0.183426,0.16356500000000002,0.163944,0.148665,0.047550999999999996,0.044185,0.224488,0.21942,20568648.8,20570960.0,0.131322,0.13007,0.174572,0.152725,0.213208,0.195325,0.222122,0.2137,0.026094,0.022465,0.5766669,0.566667,0.9492969420433495,0.9836366986042544,0.001953125,0.001953125
INSERT,adversarial,50000,14285,8192,24,1,0.500000,700,1000,0.318602,0.178539,0.459105,0.327735,0.143966,0.501797,5,0.864102,0.061065,8,52,47.5,47.5,1.0,1.0,0.147227,0.14387,0.161515,0.16053499999999998,0.132942,0.132585,0.0,0.0,227576.26,222388.7,4.4022771e-06,4.4967000000000005e-06,0.0,0.0,0.10886,0.09384,30.0,30.0,540.0,540.0,0.264425,0.24024,1545736.0,1545736.0,0.106552,0.10583999999999999,0.141476,0.14145000000000002,0.205646,0.199005,0.250336,0.23651499999999998,971700.0,971700.0,0.00035,0.00035,0.038264,0.03751,1.0,1.0,1.0,1.0,120.0,120.0,420.0,420.0,nan,nan,0.7508395999999999,0.751266,0.0,0.0,0.8514995925966697,0.8524339999999999,0.0,0.0,30.0,30.0,0.17331,0.173065,0.186666,0.18385,0.159952,0.16097,0.106342,0.06648,0.291781,0.24132,2058680.8,2057508.0,0.135756,0.13502999999999998,0.167269,0.170815,0.223476,0.21614,0.27361,0.237665,0.035773,0.027635,0.83,0.833333,0.8090737514513597,0.8939254337419797,0.001953125,0.001953125
INSERT,hotspot,100000,28571,256,32,5,0.500000,1400,2000,0.161648,0.260770,0.587313,0.350639,0.162715,0.602049,2,0.865806,0.057775,20,52,47.5,47.5,1.0,1.0,0.560412,0.56391,0.6027250000000001,0.603845,0.5181020000000001,0.517145,0.0,0.0,1669389.2,1679263.0,6.002599700000001e-07,5.9554325e-07,0.0,0.0,0.361165,0.21084999999999998,33.1,34.0,360.0,360.0,0.970299,0.762815,2978837.6,2978160.0,0.430056,0.42803,0.540017,0.539355,0.704695,0.704745,0.901181,0.745025,518761.2,517859.5,0.0002034,0.000203,0.113326,0.086075,14.5,14.485,23.553,23.555,141.1,141.5,270.0,270.0,nan,nan,0.7866451,0.7863835,0.0,0.0,1.0511096700737235,1.05408,0.0,0.0,30.0,30.0,0.533461,0.528295,0.563089,0.559035,0.5038320000000001,0.5,0.205612,0.18372,0.743849,0.715095,3786767.2,3787884.0,0.416919,0.413705,0.521168,0.5239199999999999,0.671747,0.6556200000000001,0.726777,0.700365,0.079356,0.07479,0.4033334,0.3833335,1.02462708870405,1.0775922514433969,0.00390625,0.021484375
INSERT,hotspot,1000000,285714,256,32,9,0.500000,2600,3800,0.159605,0.322245,0.565886,0.316917,0.171261,0.404011,5,0.773749,0.065463,8,52,47.5,47.5,1.0,1.0,1.621107,1.62713,1.6713580000000001,1.667205,1.570856,1.584895,0.0,0.0,48386732.0,48569530.0,2.0687292e-08,2.0589055e-08,0.0,0.0,0.19543,0.179095,11.9,12.0,1980.1,1980.0,1.850355,1.85761,29847979.2,29847840.0,1.260053,1.2747199999999999,1.635174,1.6495250000000001,1.775388,1.7557399999999999,1.830603,1.82568,6261562.6,6261866.5,0.0001694,0.000169,0.13459,0.12809,18.754,18.75,31.322,31.314999999999998,1439.4,1439.5,1439.4,1439.5,nan,nan,0.7886343,0.7886175,0.0,0.0,1.1879826265667244,1.1916745,0.0,0.0,30.0,30.0,1.364532,1.370605,1.398673,1.401855,1.3303880000000001,1.339355,0.159797,0.155785,1.542588,1.54166,37847687.2,37849964.0,1.137716,1.139645,1.3734709999999999,1.380245,1.496723,1.49309,1.533267,1.529195,0.091445,0.08803,0.039999900000000005,0.033333,1.1815196777023302,1.1944455754311185,0.001953125,0.001953125
INSERT,hotspot,250000,71428,256,32,6,0.500000,2300,3400,0.172268,0.324341,0.605698,0.353393,0.139228,0.638760,6,0.890463,0.046629,24,52,47.5,47.5,1.0,1.0,0.839223,0.83831,0.895858,0.893505,0.782587,0.7839400000000001,0.0,0.0,6254725.9,6249184.5,1.6000070999999998e-07,1.600267e-07,0.0,0.0,0.320431,0.266135,11.1,11.5,570.0,570.0,1.186413,1.10049,7452968.0,7451836.0,0.591106,0.58551,0.829174,0.82131,1.050552,1.046735,1.149604,1.08819,1305305.0,1304804.0,0.000128,0.00012849999999999998,0.151689,0.146495,15.524,15.524999999999999,25.663,25.665,262.7,265.0,390.0,390.0,nan,nan,0.7878878,0.787871,0.0,0.0,1.0588613911734523,1.0403685,0.0,0.0,30.0,30.0,0.79305,0.78189,0.8429800000000001,0.828165,0.743123,0.73831,0.269604,0.228155,1.089621,1.033965,9459433.6,9459808.0,0.568175,0.5663400000000001,0.794895,0.7953399999999999,0.987486,0.978715,1.0645,1.024445,0.133725,0.12836999999999998,0.3366667,0.35,1.0377946170473962,1.0799281652995085,0.001953125,0.001953125
INSERT,hotspot,500000,142857,256,32,7,0.500000,2200,3000,0.150000,0.300000,0.550000,0.320000,0.150000,0.550000,6,0.850000,0.060000,16,52,47.5,47.5,1.0,1.0,1.171615,1.1953200000000002,1.226128,1.2537449999999999,1.117102,1.136905,0.0,0.0,17476898.0,17829240.0,5.7665067e-08,5.61006e-08,0.0,0.0,0.274878,0.26204000000000005,6.3,5.5,1170.0,1170.0,1.502909,1.526195,14916946.4,14916288.0,0.9064949999999999,0.900595,1.194414,1.24204,1.369363,1.37677,1.469292,1.5007549999999998,2963392.2,2959069.0,0.0002113,0.000211,0.146008,0.145185,17.188000000000002,17.19,28.872,28.865,900.0,900.0,900.0,900.0,nan,nan,0.7882521,0.788109,0.0,0.0,1.1318087229618563,1.1307535,0.0,0.0,30.0,30.0,1.038808,1.054895,1.085122,1.1029550000000001,0.992494,1.00684,0.23236300000000001,0.18119000000000002,1.301712,1.294965,18924089.6,18928588.0,0.790068,0.78333,1.050685,1.082235,1.211197,1.226985,1.283047,1.276665,0.124043,0.12153,0.16,0.1666665,1.0871623415635607,1.1764551043601519,0.001953125,0.001953125
INSERT,hotspot,50000,14285,256,32,4,0.500000,1300,2000,0.139407,0.268887,0.560038,0.304008,0.153014,0.546747,4,0.969262,0.056850,24,52,47.5,47.5,1.0,1.0,0.400213,0.40095000000000003,0.423109,0.426535,0.377317,0.376,0.0,0.0,596115.5,597595.6499999999,1.6782736e-06,1.6733845e-06,0.0,0.0,0.135032,0.136605,3.2,3.0,180.0,180.0,0.533581,0.5391699999999999,1489495.2,1489356.0,0.312084,0.31120499999999995,0.39215,0.387065,0.503995,0.507395,0.527181,0.53359,246388.2,246455.0,0.000221,0.000222,0.061322,0.06309999999999999,13.3,13.315000000000001,21.807,21.81,91.5,92.0,120.0,120.0,nan,nan,0.786316,0.786705,0.0,0.0,0.9515310314633,0.9491225,0.0,0.0,30.0,30.0,0.421115,0.42035500000000003,0.445687,0.44286499999999995,0.396544,0.396425,0.171963,0.159025,0.605146,0.592605,1894273.6,1893936.0,0.325065,0.32796000000000003,0.414871,0.410845,0.5274800000000001,0.525725,0.5868329999999999,0.56919,0.065811,0.061135,0.5966667,0.566667,0.9223122230394218,0.9807498398871781,0.001953125,0.001953125
INSERT,random,100000,28571,256,32,5,0.500000,1200,2200,0.145623,0.284780,0.497125,0.257514,0.157395,0.656263,6,0.857538,0.061182,24,52,47.5,47.5,1.0,1.0,0.623922,0.61359,0.665476,0.6516850000000001,0.582367,0.57637,0.0,0.0,1977182.8,1949949.5,5.0637719e-07,5.128515e-07,0.0,0.0,0.289301,0.26497000000000004,0.0,0.0,600.0,600.0,0.939109,0.912295,3169019.2,3163084.0,0.452184,0.45136,0.614993,0.6037349999999999,0.7911549999999999,0.7884599999999999,0.904293,0.87872,35165.3,35124.5,1e-06,1e-06,0.11129800000000001,0.10732,12.878,12.875,20.215,20.205,1.0,1.0,331.8,332.0,nan,nan,0.7834663,0.7823335,0.0,0.0,0.8848225396223868,0.869487,0.0,0.0,30.0,30.0,0.705654,0.71296,0.745075,0.75264,0.666236,0.67188,0.266769,0.258845,0.985733,0.952535,4044872.8,4046496.0,0.532191,0.534215,0.6957679999999999,0.697925,0.88515,0.8972549999999999,0.962535,0.94185,0.105584,0.10921,0.7966666,0.8166665,0.8606668658422187,0.9089782134025548,0.001953125,0.001953125
INSERT,random,1000000,285714,256,32,9,0.500000,1600,2800,0.138796,0.297852,0.549826,0.297337,0.136860,0.316355,5,0.779219,0.082616,12,52,47.5,47.5,1.0,1.0,1.703486,1.735155,1.747139,1.775995,1.659831,1.69432,0.0,0.0,53861765.0,54859910.0,1.8621288e-08,1.8228379999999998e-08,0.0,0.0,0.203436,0.19086999999999998,0.0,0.0,4230.0,4230.0,1.933389,1.955125,31618578.4,31619184.0,1.3665910000000001,1.372255,1.706837,1.7456200000000002,1.844501,1.833415,1.910275,1.918515,205017.0,205066.0,0.000329,0.000329,0.11692,0.11261,16.578,16.58,27.894,27.9,2818.2,2818.0,2818.2,2818.0,nan,nan,0.7821791,0.7821225,0.0,0.0,1.0055724899180032,1.013617,0.0,0.0,30.0,30.0,1.693722,1.718515,1.733841,1.756335,1.653601,1.67886,0.24590599999999999,0.24782,1.9543249999999999,1.9267400000000001,40423712.8,40426484.0,1.432109,1.4325899999999998,1.68326,1.7211400000000001,1.85193,1.85314,1.92917,1.908725,0.107453,0.09712,0.4366667,0.4666665,0.9974955667856258,1.0136494130503806,0.16015625,0.34375
INSERT,random,250000,71428,256,32,7,0.500000,1500,2000,0.128632,0.276871,0.488045,0.264334,0.174757,0.529240,2,0.709761,0.034225,12,52,47.5,47.5,1.0,1.0,1.095203,1.08907,1.151878,1.14934,1.038527,1.0336400000000001,0.0,0.0,8658239.9,8612150.0,1.1568668e-07,1.1611565e-07,0.0,0.0,0.296548,0.30781000000000003,0.0,0.0,1290.0,1290.0,1.439316,1.43451,7905600.8,7905916.0,0.816982,0.7965599999999999,1.106188,1.1031900000000001,1.300202,1.301835,1.402733,1.42147,298199.5,304423.0,1.5e-06,1.5e-06,0.151795,0.14664,14.9,14.91,23.71,23.725,3.4,3.5,960.1,960.0,nan,nan,0.782333,0.78232,0.0,0.0,0.9339114954999334,0.947225,0.0,0.0,30.0,30.0,1.173198,1.1763050000000002,1.233165,1.228445,1.113225,1.120365,0.340947,0.31634,1.549948,1.52525,10105168.8,10104652.0,0.892678,0.8882749999999999,1.178428,1.16905,1.415834,1.4247049999999999,1.519376,1.50313,0.160619,0.15093499999999999,0.7199999,0.733333,0.917904030862931,0.9499189601369357,0.001953125,0.001953125
INSERT,random,500000,142857,256,32,7,0.500000,1500,3400,0.150000,0.250000,0.550000,0.250000,0.150000,0.000000,6,0.800000,0.070000,20,52,47.5,47.5,1.0,1.0,1.422196,1.45472,1.470897,1.498175,1.373491,1.406015,0.0,0.0,22516986.0,23030795.0,4.4632293e-08,4.3421185e-08,30.0,30.0,0.194376,0.17126,0.0,0.0,2460.0,2460.0,1.647213,1.592995,15832497.6,15832172.0,1.121398,1.1359,1.439831,1.477595,1.58769,1.5768499999999999,1.634207,1.59141,31722.3,31720.0,4.9e-05,4.9e-05,0.130445,0.13246,14.927,14.915,24.084,24.085,180.0,180.0,1140.0,1140.0,nan,nan,0.7834054,0.7832954999999999,0.0,0.0,1.002378101980526,1.0198125,0.0,0.0,30.0,30.0,1.418419,1.449385,1.468738,1.49512,1.368098,1.40252,0.31476,0.30163,1.770561,1.7738450000000001,20209845.6,20212328.0,1.152583,1.16925,1.412944,1.442915,1.6026340000000001,1.622865,1.727701,1.7379,0.134774,0.127325,0.49333330000000003,0.48333349999999997,0.9952371695343,1.0095190344267522,0.275390625,0.109375
INSERT,random,50000,14285,256,32,5,0.500000,900,1600,0.143873,0.275017,0.468214,0.252574,0.145391,0.663793,2,0.840693,0.053623,12,52,47.5,47.5,1.0,1.0,0.495025,0.48905,0.529983,0.51717,0.460065,0.460665,0.0,0.0,787424.58,777054.3,1.2736441e-06,1.287347e-06,0.0,0.0,0.259412,0.22909000000000002,0.0,0.0,420.0,420.0,0.776887,0.73566,1590763.2,1595984.0,0.370033,0.36994000000000005,0.48543600000000003,0.48435,0.648802,0.6310549999999999,0.744846,0.716755,339489.4,325299.5,0.00056,0.00056,0.09363099999999999,0.08613,12.708,12.71,20.602,20.615000000000002,240.0,240.0,240.0,240.0,nan,nan,0.7864617,0.7884455,0.0,0.0,0.9105021789619983,0.9263985,0.0,0.0,30.0,30.0,0.544503,0.5301750000000001,0.579066,0.557445,0.509938,0.501325,0.248233,0.20256000000000002,0.786028,0.744345,2022687.2,2022084.0,0.421412,0.41951,0.5247459999999999,0.518285,0.717279,0.6782900000000001,0.77298,0.721435,0.092573,0.084085,0.7133333000000001,0.733333,0.8819711762177297,0.9390331817062668,0.001953125,0.001953125
INSERT,sequential,100000,28571,512,32,5,0.500000,1000,1800,0.356464,0.349168,0.419271,0.254223,0.220676,0.183146,6,0.891534,0.042139,8,52,47.5,47.5,1.0,1.0,0.214089,0.21407500000000002,0.224712,0.22494,0.203463,0.203645,0.0,0.0,678487.66,678451.2,1.4746604e-06,1.473956e-06,0.0,0.0,0.06316,0.060344999999999996,0.0,0.0,840.0,840.0,0.275889,0.27390499999999995,3169200.0,3169184.0,0.178262,0.17852,0.209629,0.210275,0.261775,0.26609499999999997,0.272789,0.26976,1654080.0,1654080.0,0.000525,0.000525,0.028453,0.02859,22.987000000000002,22.98,40.223,40.23,450.0,450.0,450.0,450.0,nan,nan,0.770025,0.7698725,0.0,0.0,1.0482267224294346,1.055293,0.0,0.0,30.0,30.0,0.204353,0.20458500000000002,0.215204,0.21492499999999998,0.193501,0.19409500000000002,0.072179,0.071125,0.277091,0.276925,4115716.8,4116504.0,0.165445,0.165805,0.199931,0.20049499999999998,0.25419,0.25517500000000004,0.27211,0.272095,0.029065,0.02897,0.3166667,0.31666649999999996,1.028995139797817,1.0674583050610522,0.001953125,0.001953125
INSERT,sequential,1000000,285714,512,32,8,0.500000,2800,4000,0.327194,0.247186,0.396117,0.246249,0.224037,0.547860,4,0.936354,0.054616,10,52,47.5,47.5,1.0,1.0,0.396305,0.39733,0.419242,0.41873499999999997,0.373371,0.375275,0.0,0.0,12564962.0,12597445.0,7.9602923e-08,7.938128499999999e-08,0.0,0.0,0.076462,0.06964000000000001,0.0,0.0,2760.0,2760.0,0.497011,0.48092999999999997,31705133.6,31705160.0,0.2552,0.25392,0.412576,0.41229000000000005,0.463733,0.462985,0.48903599999999997,0.478745,18079680.0,18079680.0,0.000249,0.000249,0.061431,0.061895,25.776,25.775,44.573,44.57,2130.0,2130.0,2130.0,2130.0,nan,nan,0.7706552,0.770626,0.0,0.0,1.2961491197544772,1.316337,0.0,0.0,30.0,30.0,0.305819,0.305705,0.321631,0.3207,0.290003,0.29068499999999997,0.05912,0.053765,0.378039,0.368465,41140492.0,41141916.0,0.20497100000000001,0.20148,0.31366700000000003,0.31194,0.35726199999999997,0.358875,0.372785,0.3658,0.042353,0.04299,0.0199999,0.0166665,1.280984715097665,1.3113135244112895,0.001953125,0.001953125
INSERT,sequential,250000,71428,1024,32,4,0.500000,2100,2800,0.266942,0.334946,0.387724,0.230017,0.264056,0.481936,2,0.883068,0.083561,16,52,47.5,47.5,1.0,1.0,0.296698,0.29653,0.322237,0.322735,0.27116,0.27146000000000003,0.0,0.0,2320162.5,2318855.0,4.313803e-07,4.312616e-07,0.0,0.0,0.157401,0.156335,0.0,0.0,990.0,990.0,0.430166,0.428755,7819936.8,7819940.0,0.214316,0.213505,0.268353,0.27076500000000003,0.410994,0.40949,0.425752,0.42612,4896480.0,4896480.0,0.00035,0.00035,0.068402,0.068495,38.125,38.12,70.888,70.9,750.0,750.0,750.0,750.0,nan,nan,0.760374,0.7603044999999999,0.0,0.0,1.149438451462664,1.1200145,0.0,0.0,30.0,30.0,0.258241,0.26044500000000004,0.283434,0.283285,0.233044,0.23389500000000002,0.169499,0.15148,0.424236,0.398185,10284336.8,10285268.0,0.17609,0.17618499999999998,0.239468,0.241,0.364909,0.362225,0.408969,0.387555,0.067481,0.064355,0.1299998,0.133333,1.1242588025085154,1.1746181004168128,0.001953125,0.001953125
INSERT,sequential,500000,142857,1024,32,6,0.500000,1900,2800,0.300000,0.300000,0.450000,0.250000,0.250000,0.450000,4,0.750000,0.070000,12,52,47.5,47.5,1.0,1.0,0.356511,0.356955,0.381278,0.38158000000000003,0.331746,0.33132,0.0,0.0,5576305.4,5583259.5,1.794201e-07,1.7911505000000002e-07,0.0,0.0,0.081812,0.071595,0.0,0.0,2130.0,2130.0,0.46198300000000003,0.447,15641293.6,15641324.0,0.239474,0.238265,0.37522500000000003,0.372915,0.44160699999999997,0.435995,0.45704,0.44377500000000003,8790240.0,8790240.0,0.000357,0.000357,0.066333,0.06616,39.684,39.69,72.693,72.7,1530.0,1530.0,1530.0,1530.0,nan,nan,0.7604436,0.7603595,0.0,0.0,1.2371504168786776,1.249886,0.0,0.0,30.0,30.0,0.28818699999999997,0.28622,0.307467,0.30586,0.268904,0.26715,0.073741,0.066635,0.37821699999999997,0.37063999999999997,20568648.8,20570960.0,0.190799,0.192055,0.29764,0.29691999999999996,0.352004,0.350055,0.371381,0.36583,0.051644,0.049795000000000006,0.0566667,0.066667,1.2233900559131405,1.2509107778442146,0.001953125,0.001953125
INSERT,sequential,50000,14285,512,20,3,0.500000,1100,1200,0.333473,0.254385,0.374128,0.295578,0.249266,0.103974,6,0.968238,0.080881,16,52,47.5,47.5,1.0,1.0,0.21920800000000001,0.21949000000000002,0.229492,0.230625,0.208924,0.2091,0.0,0.0,344728.42,345167.5,2.904022e-06,2.897175e-06,0.0,0.0,0.067002,0.061465000000000006,0.0,0.0,360.0,360.0,0.285805,0.28664999999999996,1572611.2,1572612.0,0.183782,0.184035,0.215176,0.21749000000000002,0.266627,0.26902499999999996,0.282181,0.28464500000000004,755040.0,755040.0,0.00077,0.00077,0.027546,0.028,32.231,32.224999999999994,69.0,69.0,330.0,330.0,330.0,330.0,nan,nan,0.7638942,0.76434,0.0,0.0,1.048185541730037,1.061208,0.0,0.0,30.0,30.0,0.209306,0.210395,0.221437,0.221785,0.197179,0.197415,0.080322,0.063905,0.292351,0.275145,2058680.8,2057508.0,0.170643,0.17031,0.202822,0.20254,0.256606,0.25626499999999997,0.283144,0.271565,0.032485,0.030785,0.34,0.35,1.0107388213560435,1.0856322621040304,0.009765625,0.021484375
INSERT,zipfian,100000,28571,256,16,8,0.500000,740,2221,0.350000,0.300000,0.350000,0.320000,0.200000,0.600000,3,0.850000,0.050000,3,52,47.5,47.5,1.0,1.0,0.450503,0.450055,0.472791,0.46785,0.428216,0.42657,0.0,0.0,1243016.7,1241339.0,8.0608862e-07,8.0558805e-07,0.0,0.0,0.168447,0.13133,1.5,1.5,420.1,420.0,0.624123,0.5723750000000001,2759187.2,2758968.0,0.36414599999999997,0.37151999999999996,0.439987,0.44147000000000003,0.555301,0.54331,0.608432,0.56111,401894.6,401948.5,0.0001763,0.000176,0.059694,0.054709999999999995,14.431000000000001,14.415,33.282,33.275000000000006,149.5,149.5,149.5,149.5,nan,nan,0.7742863,0.7739910000000001,0.0,0.0,1.2442091841073555,1.235212,0.0,0.0,30.0,30.0,0.36199,0.35938499999999995,0.380176,0.378375,0.343801,0.34266,0.137578,0.139065,0.507208,0.50135,3563527.2,3563620.0,0.292466,0.294265,0.353281,0.35403,0.442061,0.44086000000000003,0.49086,0.48951999999999996,0.048712,0.048165,0.060000000000000005,0.066667,1.2207378298951128,1.2676805383195981,0.001953125,0.001953125
INSERT,zipfian,1000000,285714,256,24,10,0.500000,1400,4000,0.319452,0.250128,0.331464,0.306367,0.190186,0.600807,6,0.762856,0.086887,4,52,47.5,47.5,1.0,1.0,1.205664,1.206015,1.247824,1.245935,1.163502,1.16609,0.0,0.0,33148053.0,33153275.0,3.0198224e-08,3.016301e-08,0.0,0.0,0.18239,0.192595,37.1,35.5,2009.8,2010.0,1.412144,1.436435,27493736.0,27490664.0,0.925706,0.91239,1.21878,1.218565,1.356693,1.358,1.4011689999999999,1.4115250000000001,5281035.3,5275648.0,8.85e-05,8.8e-05,0.112923,0.113425,13.726,13.725000000000001,31.058,31.07,720.0,720.0,720.0,720.0,nan,nan,0.7820068,0.781911,0.0,0.0,1.3481424295791136,1.3605085,0.0,0.0,30.0,30.0,0.894518,0.8903300000000001,0.923501,0.91352,0.865531,0.867145,0.161353,0.13017499999999999,1.075337,1.0640450000000001,35157931.2,35158416.0,0.720391,0.713695,0.896548,0.9018200000000001,1.001316,0.99456,1.057901,1.0408650000000002,0.077633,0.06912,0.0,0.0,1.3337994114586014,1.3624854476996258,0.001953125,0.001953125
INSERT,zipfian,250000,71428,256,20,9,0.500000,1300,2400,0.409595,0.244884,0.293995,0.364463,0.208995,0.566597,2,0.946296,0.034843,2,52,47.5,47.5,1.0,1.0,0.622986,0.609175,0.65457,0.63288,0.5914,0.584155,0.0,0.0,4301536.1,4207266.0,2.3324215e-07,2.3768464999999997e-07,0.0,0.0,0.211417,0.18385,10.6,9.0,600.0,600.0,0.8510800000000001,0.806475,6904757.6,6905236.0,0.488869,0.49106,0.6114040000000001,0.6075200000000001,0.740706,0.704005,0.8228219999999999,0.7765150000000001,1366303.3,1365903.5,0.000159,0.0001585,0.084596,0.07411999999999999,13.576,13.58,29.845,29.85,330.0,330.0,330.0,330.0,nan,nan,0.7797921999999999,0.7797324999999999,0.0,0.0,1.277476304053402,1.2696304999999999,0.0,0.0,30.0,30.0,0.487808,0.477905,0.514967,0.49836,0.46064499999999997,0.451505,0.17618299999999998,0.12889499999999998,0.684082,0.6128899999999999,8854616.0,8854944.0,0.374134,0.37570000000000003,0.48167899999999997,0.47478,0.585944,0.55559,0.657861,0.6071150000000001,0.072747,0.05827,0.0433334,0.05,1.2507720088329282,1.304180599273876,0.001953125,0.001953125
INSERT,zipfian,500000,142857,256,16,10,0.500000,1200,3600,0.350000,0.300000,0.350000,0.320000,0.200000,0.600000,3,0.850000,0.050000,3,52,47.5,47.5,1.0,1.0,0.951666,0.944805,0.996237,0.99187,0.907099,0.899255,0.0,0.0,13004694.0,12909680.0,7.6949938e-08,7.74613e-08,0.0,0.0,0.210675,0.186405,7.3,8.5,1259.0,1259.0,1.208337,1.198775,13665190.4,13666036.0,0.722586,0.7317450000000001,0.972877,0.96706,1.105112,1.100505,1.183551,1.18093,2136461.9,2136747.0,9.97e-05,0.0001,0.119371,0.114715,14.987,14.98,31.38,31.384999999999998,420.0,420.0,420.0,420.0,nan,nan,0.7745796,0.774482,0.0,0.0,1.3566042677614178,1.3643085,0.0,0.0,30.0,30.0,0.701688,0.704585,0.733834,0.731215,0.669542,0.67138,0.157593,0.17978,0.889359,0.90646,17642075.2,17643816.0,0.533161,0.54111,0.715247,0.714785,0.818224,0.79628,0.87284,0.877685,0.086095,0.08731,0.013333300000000001,0.0,1.334117812948917,1.3790907225739186,0.001953125,0.001953125
INSERT,zipfian,50000,14285,256,24,6,0.500000,700,1600,0.399697,0.290827,0.331190,0.291272,0.214448,0.552983,5,0.854589,0.063454,4,52,47.5,47.5,1.0,1.0,0.35012899999999997,0.345535,0.370286,0.36651,0.329971,0.32699,0.0,0.0,489861.68,482978.25,2.0438481e-06,2.0704925000000002e-06,0.0,0.0,0.130041,0.115045,0.4,0.0,240.0,240.0,0.47787999999999997,0.461065,1399088.0,1399104.0,0.269788,0.27049999999999996,0.339966,0.34458,0.441563,0.441695,0.470007,0.456575,171557.7,171524.0,0.000211,0.00021,0.053988,0.053355,12.297,12.3,27.221,27.22,90.0,90.0,90.0,90.0,nan,nan,0.7812284,0.781545,0.0,0.0,1.1123360305513308,1.1116890000000001,0.0,0.0,30.0,30.0,0.314863,0.31445,0.332989,0.33411,0.296738,0.29479,0.134911,0.13537,0.458303,0.445685,1790885.6,1791048.0,0.24565,0.24451499999999998,0.305757,0.30367,0.390889,0.385345,0.440668,0.436465,0.048548,0.048600000000000004,0.2733331,0.3,1.09043157546768,1.1342404856349815,0.001953125,0.001953125
STATIC,adversarial,100000,28571,16384,32,1,0.500000,647,1048,0.212000,0.212000,0.462857,0.291429,0.199000,0.300000,4,0.869430,0.051000,20,52,47.5,47.5,1.0,1.0,0.009975,0.010225,0.011069,0.011460000000000001,0.008879,0.008934999999999998,0.0,0.0,23971.514,24575.255,4.2179207000000003e-05,4.0696154999999995e-05,0.0,0.0,0.007647,0.009355,0.0,0.0,0.0,0.0,0.017819,0.017675,2403216.0,2403216.0,0.007185,0.007115,0.009208000000000001,0.008629999999999999,0.014265,0.01407,0.016855,0.01681,0.0,0.0,0.0,0.0,0.002933,0.0030949999999999997,1.0,1.0,1.0,1.0,0.0,0.0,0.0,0.0,nan,nan,0.7512492,0.7515235,0.0,0.0,0.2828886406304558,0.27696350000000003,0.0,0.0,30.0,30.0,0.036606,0.0345,0.040010000000000004,0.037745,0.0332,0.030985,0.019698,0.019549999999999998,0.056177,0.05241,3198965.6,3197792.0,0.026161,0.024300000000000002,0.034933,0.031035,0.050154,0.04745,0.054633,0.05151,0.009121,0.00895,1.0,1.0,0.24775873440084523,0.3180185468600664,0.001953125,0.001953125
STATIC,adversarial,1000000,285714,16384,32,2,0.500000,1292,2092,0.212000,0.212000,0.462857,0.291429,0.199000,0.300000,4,0.869430,0.051000,20,52,47.5,47.5,1.0,1.0,0.019635,0.02016,0.021241,0.021615,0.018029,0.018619999999999998,0.0,0.0,471647.16,484306.7,2.1298969e-06,2.0648095000000003e-06,0.0,0.0,0.008446,0.008719999999999999,0.0,0.0,0.0,0.0,0.02817,0.027505,24020864.0,24020864.0,0.014533,0.01493,0.01941,0.020135,0.026761,0.02642,0.027853,0.027290000000000002,0.0,0.0,0.0,0.0,0.0043,0.0043549999999999995,2.7,3.0,2.7,3.0,0.0,0.0,0.0,0.0,nan,nan,0.7507604,0.750751,0.0,0.0,0.3730651306582453,0.36830450000000003,0.0,0.0,30.0,30.0,0.055445,0.050695000000000004,0.058981,0.054305,0.051911,0.047085,0.014629,0.01441,0.071224,0.06644,31995390.4,31995792.0,0.041984,0.038375,0.055966,0.050945000000000004,0.068671,0.065115,0.070594,0.066085,0.009465,0.00913,1.0,1.0,0.3044561547790272,0.4416741065374634,0.001953125,0.001953125
STATIC,adversarial,250000,71428,16384,32,1,0.500000,852,1380,0.212000,0.212000,0.462857,0.291429,0.199000,0.300000,4,0.869430,0.051000,20,52,47.5,47.5,1.0,1.0,0.010637,0.010935,0.011661,0.01217,0.009608,0.009635000000000001,0.0,0.0,63872.879,65674.6,1.5897449e-05,1.5230175e-05,0.0,0.0,0.005108,0.00475,0.0,0.0,0.0,0.0,0.01614,0.016495000000000003,6006024.0,6006024.0,0.007232,0.00714,0.01052,0.010885,0.014179,0.014669999999999999,0.015626,0.015885,0.0,0.0,0.0,0.0,0.002752,0.002965,1.0,1.0,1.0,1.0,0.0,0.0,0.0,0.0,nan,nan,0.7509349,0.751075,0.0,0.0,0.25655129748101657,0.2518515,0.0,0.0,30.0,30.0,0.041766,0.04082,0.045521,0.044295,0.038011,0.036445000000000005,0.018103,0.010575000000000001,0.060788,0.058255,7998068.8,7996572.0,0.028275,0.030440000000000002,0.042137,0.042425000000000004,0.05577,0.05357,0.06024,0.056895,0.010059,0.009335,1.0,1.0,0.23097275257816816,0.28212984238386496,0.001953125,0.001953125
STATIC,adversarial,500000,142857,16384,32,1,0.500000,1050,1700,0.212000,0.212000,0.462857,0.291429,0.199000,0.300000,4,0.869430,0.051000,20,52,47.5,47.5,1.0,1.0,0.014415,0.014265,0.015748,0.01562,0.013078,0.013139999999999999,0.0,0.0,173116.6,171365.7,5.7887991e-06,5.835802e-06,0.0,0.0,0.007171,0.006845,0.0,0.0,0.0,0.0,0.021561,0.021075,12010936.0,12010936.0,0.010402,0.01037,0.013947000000000001,0.0138,0.019847,0.020285,0.021117,0.02084,0.0,0.0,0.0,0.0,0.003574,0.00365,2.0,2.0,2.0,2.0,0.0,0.0,0.0,0.0,nan,nan,0.7508708,0.7509064999999999,0.0,0.0,0.3306368008940905,0.33173549999999996,0.0,0.0,30.0,30.0,0.045574,0.04163,0.049435,0.045590000000000006,0.041714,0.038025,0.020649,0.019505,0.066117,0.063265,15996012.0,15995252.0,0.032793,0.029355,0.044041,0.039825,0.0605,0.057335,0.064689,0.06118,0.01034,0.010045,1.0,1.0,0.2824265995565305,0.37884700223165046,0.001953125,0.001953125
STATIC,adversarial,50000,14285,16384,32,1,0.500000,526,852,0.212000,0.212000,0.462857,0.291429,0.199000,0.300000,4,0.869430,0.051000,20,52,47.5,47.5,1.0,1.0,0.009098,0.00836,0.00986,0.00902,0.008334,0.0076500000000000005,0.0,0.0,10937.845299999999,10048.178,9.4155373e-05,9.9525675e-05,0.0,0.0,0.006148,0.0058,0.0,0.0,0.0,0.0,0.015563,0.01587,1202280.0,1202280.0,0.007531,0.00711,0.008764000000000001,0.00749,0.012631,0.01193,0.014911,0.015195,0.0,0.0,0.0,0.0,0.002047,0.001895,1.0,1.0,1.0,1.0,0.0,0.0,0.0,0.0,nan,nan,0.751437,0.7516095,0.0,0.0,0.31153913033652064,0.30596999999999996,0.0,0.0,30.0,30.0,0.030876,0.028085,0.033128,0.030025,0.028624,0.025759999999999998,0.017589,0.015965,0.049162,0.04604,1599977.6,1599608.0,0.02546,0.02418,0.02965,0.02673,0.040943,0.03839,0.04724,0.04289,0.006032,0.0049,1.0,1.0,0.2649137732263848,0.35816448744665647,0.001953125,0.001953125
STATIC,hotspot,100000,28571,256,32,5,0.500000,1050,1700,0.212000,0.212000,0.462857,0.291429,0.199000,0.300000,4,0.869430,0.051000,16,52,47.5,47.5,1.0,1.0,0.310721,0.309465,0.323858,0.32475,0.297587,0.295225,0.0,0.0,786429.38,783257.05,1.2724959e-06,1.2767220000000002e-06,0.0,0.0,0.081756,0.071995,0.0,0.0,0.0,0.0,0.391735,0.38153000000000004,2530968.0,2530964.0,0.253562,0.254155,0.306097,0.30462,0.371824,0.368645,0.38785200000000003,0.378825,0.0,0.0,0.0,0.0,0.035181,0.03393,13.34,13.14,18.8,18.5,0.0,0.0,0.0,0.0,nan,nan,0.7911846,0.7914675,0.0,0.0,0.8541257095890129,0.846447,0.0,0.0,30.0,30.0,0.363851,0.36395999999999995,0.38048,0.379385,0.347222,0.347755,0.093871,0.101045,0.462852,0.46548500000000004,3198965.6,3197792.0,0.290792,0.29329,0.363481,0.359795,0.43663,0.43896999999999997,0.457351,0.459545,0.044538,0.044995,0.9066665,0.9166665,0.8405845071725819,0.8676669120054439,0.001953125,0.001953125
STATIC,hotspot,1000000,285714,256,32,9,0.500000,1050,1700,0.212000,0.212000,0.462857,0.291429,0.199000,0.300000,4,0.869430,0.051000,12,52,47.5,47.5,1.0,1.0,0.834778,0.7641549999999999,0.874997,0.78051,0.794559,0.7478,0.0,0.0,21121095.0,19334305.0,4.9403985e-08,5.172197e-08,0.0,0.0,0.334596,0.19959,0.0,0.0,0.0,0.0,1.204887,0.90804,25301448.8,25301384.0,0.687551,0.687555,0.812468,0.765525,0.987768,0.8388100000000001,1.147064,0.8860250000000001,0.0,0.0,0.0,0.0,0.107722,0.07708000000000001,16.68,16.575,25.2,24.0,0.0,0.0,0.0,0.0,nan,nan,0.7907843,0.790769,0.0,0.0,0.8662224915739106,0.880379,0.0,0.0,30.0,30.0,0.965728,0.864155,1.021384,0.888845,0.910071,0.8394649999999999,0.5040520000000001,0.255295,1.524189,1.105925,31995390.4,31995792.0,0.792098,0.7856650000000001,0.9317920000000001,0.84619,1.180198,0.9700599999999999,1.435845,1.07022,0.149067,0.086535,0.9166667,0.933333,0.8530327918482626,0.8794121912995586,0.001953125,0.001953125
STATIC,hotspot,250000,71428,256,32,8,0.500000,1050,1700,0.212000,0.212000,0.462857,0.291429,0.199000,0.300000,4,0.869430,0.051000,6,52,47.5,47.5,1.0,1.0,0.476854,0.473545,0.496431,0.49255499999999997,0.457277,0.451235,0.0,0.0,3018038.5,2997099.0,3.3171385e-07,3.3365650000000005e-07,0.0,0.0,0.129556,0.0988,0.0,0.0,0.0,0.0,0.617802,0.577655,6329067.2,6329052.0,0.386842,0.389905,0.470312,0.466245,0.550184,0.5544899999999999,0.599865,0.57502,0.0,0.0,0.0,0.0,0.052433,0.049285,16.617,15.57,23.5,22.5,0.0,0.0,0.0,0.0,nan,nan,0.7913250000000001,0.7914684999999999,0.0,0.0,0.8687550377113101,0.8523855,0.0,0.0,30.0,30.0,0.548809,0.548465,0.571235,0.57211,0.526386,0.522945,0.126032,0.12245,0.684588,0.690965,7998068.8,7996572.0,0.428378,0.437005,0.547613,0.550285,0.641258,0.63775,0.673644,0.680815,0.060061,0.055975,0.8966666,0.9166665,0.8579022341907322,0.8796078412318881,0.001953125,0.001953125
STATIC,hotspot,500000,142857,256,32,8,0.500000,1050,1700,0.212000,0.212000,0.462857,0.291429,0.199000,0.300000,4,0.869430,0.051000,12,52,47.5,47.5,1.0,1.0,0.630863,0.62933,0.650092,0.646875,0.611633,0.6127100000000001,0.0,0.0,7981039.3,7961662.0,1.2536001000000002e-07,1.256034e-07,0.0,0.0,0.095433,0.09420500000000001,0.0,0.0,0.0,0.0,0.729338,0.7352350000000001,12650993.6,12650960.0,0.514257,0.5177,0.629765,0.628895,0.709423,0.70914,0.725196,0.7303550000000001,0.0,0.0,0.0,0.0,0.051505,0.05183,16.101,15.985,23.6,23.0,0.0,0.0,0.0,0.0,nan,nan,0.7908845,0.7909200000000001,0.0,0.0,0.8481705140675354,0.845663,0.0,0.0,30.0,30.0,0.744249,0.741955,0.770024,0.765675,0.718478,0.716955,0.154064,0.132125,0.917028,0.875575,15996012.0,15995252.0,0.609123,0.607205,0.744514,0.742135,0.843328,0.8364750000000001,0.89858,0.8668,0.069027,0.063535,0.9266668,0.95,0.8319512258206021,0.8643898023144687,0.001953125,0.001953125
STATIC,hotspot,50000,14285,256,32,5,0.500000,1050,1700,0.212000,0.212000,0.462857,0.291429,0.199000,0.300000,4,0.869430,0.051000,10,52,47.5,47.5,1.0,1.0,0.270117,0.267705,0.282304,0.282405,0.25793,0.25626,0.0,0.0,342025.05,338969.7,2.941137e-06,2.9505205e-06,0.0,0.0,0.076597,0.059344999999999995,0.0,0.0,0.0,0.0,0.357228,0.331505,1266216.8,1266220.0,0.219117,0.22175,0.270117,0.26822500000000005,0.31732,0.31113500000000005,0.346715,0.32583,0.0,0.0,0.0,0.0,0.032642,0.029725,13.557,13.555,18.8,19.0,0.0,0.0,0.0,0.0,nan,nan,0.7913981,0.791559,0.0,0.0,0.8747960018366919,0.878315,0.0,0.0,30.0,30.0,0.309024,0.30913,0.325382,0.32258,0.292667,0.292385,0.102949,0.06971,0.424543,0.383455,1599977.6,1599608.0,0.24114,0.24316,0.310074,0.313465,0.374459,0.36595500000000003,0.413021,0.380115,0.043813,0.03701,0.8866667,0.933333,0.8427557131127673,0.9068362905606165,0.001953125,0.001953125
STATIC,miss,100000,28571,256,32,6,0.500000,1050,1700,0.212000,0.212000,0.462857,0.291429,0.199000,0.300000,4,0.869430,0.051000,8,52,47.5,47.5,1.0,1.0,0.539033,0.53487,0.564086,0.558195,0.513983,0.508815,0.0,0.0,1364909.8,1354350.0,7.3392341e-07,7.3836615e-07,0.0,0.0,0.162097,0.152025,0.0,0.0,0.0,0.0,0.709268,0.69646,2532141.6,2532144.0,0.427125,0.41445,0.531048,0.52547,0.641918,0.63917,0.693144,0.6789149999999999,0.0,0.0,0.0,0.0,0.067096,0.06975,14.836,14.844999999999999,21.6,22.0,0.0,0.0,0.0,0.0,nan,nan,0.7915516,0.7918425,0.0,0.0,0.9358508456546127,0.9239385,0.0,0.0,30.0,30.0,0.5759540000000001,0.576505,0.608507,0.60808,0.543403,0.54023,0.184913,0.19478,0.770134,0.77261,3198965.6,3197792.0,0.428318,0.42528,0.570779,0.56911,0.712773,0.7227250000000001,0.755694,0.7556799999999999,0.087187,0.092365,0.7000001,0.766667,0.9152750457270769,0.9564266455821486,0.00390625,0.021484375
STATIC,miss,1000000,285714,256,32,8,0.500000,1292,2092,0.212000,0.212000,0.462857,0.291429,0.199000,0.300000,4,0.869430,0.051000,16,52,47.5,47.5,1.0,1.0,0.871897,0.867965,0.880804,0.87479,0.862994,0.86121,0.0,0.0,22056791.0,21957220.0,4.5468289e-08,4.5543195e-08,0.0,0.0,0.069128,0.055255,0.0,0.0,0.0,0.0,0.948724,0.94329,25297445.6,25297384.0,0.831825,0.8345499999999999,0.868771,0.8675200000000001,0.90557,0.899025,0.937899,0.937135,0.0,0.0,0.0,0.0,0.023849000000000002,0.021580000000000002,16.828,16.73,26.2,26.0,0.0,0.0,0.0,0.0,nan,nan,0.7906591000000001,0.7906445,0.0,0.0,0.9011380716157923,0.9052965,0.0,0.0,30.0,30.0,0.9678,0.974,0.978829,0.9845299999999999,0.956774,0.966595,0.075619,0.051095,1.045652,1.02434,31995390.4,31995792.0,0.9174599999999999,0.92607,0.963217,0.9716149999999999,1.016481,1.01459,1.038838,1.02202,0.029533,0.02651,0.9900001,1.0,0.8869440682457526,0.915332074985832,0.001953125,0.001953125
STATIC,miss,250000,71428,256,32,7,0.500000,1050,1700,0.212000,0.212000,0.462857,0.291429,0.199000,0.300000,4,0.869430,0.051000,8,52,47.5,47.5,1.0,1.0,0.833055,0.87207,0.872858,0.90751,0.7932509999999999,0.83663,0.0,0.0,5271090.6,5518006.0,1.9610567e-07,1.81541e-07,0.0,0.0,0.311161,0.30329,0.0,0.0,0.0,0.0,1.181177,1.18948,6327435.2,6327408.0,0.670677,0.724715,0.814136,0.854345,0.975761,1.00114,1.1253,1.126775,0.0,0.0,0.0,0.0,0.106609,0.11251,15.751999999999999,15.835,23.7,24.0,0.0,0.0,0.0,0.0,nan,nan,0.7911211,0.791266,0.0,0.0,0.9060705438588779,0.9072685,0.0,0.0,30.0,30.0,0.926797,0.98906,0.972683,1.03899,0.8809130000000001,0.93913,0.288516,0.284705,1.223675,1.22568,7998068.8,7996572.0,0.728293,0.761205,0.9143399999999999,0.9633099999999999,1.131142,1.18643,1.202856,1.22242,0.122897,0.11618,0.8166667,0.7833335,0.8764061355496157,0.9357349521681401,0.001953125,0.001953125
STATIC,miss,500000,142857,256,32,7,0.500000,1050,1700,0.212000,0.212000,0.462857,0.291429,0.199000,0.300000,4,0.869430,0.051000,16,52,47.5,47.5,1.0,1.0,0.972701,0.9608300000000001,0.99634,0.9856100000000001,0.949063,0.93903,0.0,0.0,12303699.0,12153585.0,8.133914e-08,8.2280255e-08,0.0,0.0,0.15290499999999999,0.125315,0.0,0.0,0.0,0.0,1.149709,1.106665,12649012.8,12648988.0,0.854487,0.85075,0.9734619999999999,0.967255,1.056982,1.0505200000000001,1.126368,1.092305,0.0,0.0,0.0,0.0,0.06331,0.06371,15.978,16.005000000000003,24.1,24.0,0.0,0.0,0.0,0.0,nan,nan,0.7907605,0.7907964999999999,0.0,0.0,0.8909109051800307,0.8915165,0.0,0.0,30.0,30.0,1.091749,1.08799,1.122349,1.11963,1.061148,1.05763,0.176193,0.16801,1.292824,1.27274,15996012.0,15995252.0,0.927433,0.9322349999999999,1.093399,1.0918,1.203417,1.2007050000000001,1.269592,1.250435,0.081959,0.07924,0.8933333,0.9,0.8837142661829945,0.8981075441770668,0.001953125,0.001953125
STATIC,miss,50000,14285,256,32,4,0.500000,1050,1700,0.212000,0.212000,0.462857,0.291429,0.199000,0.300000,4,0.869430,0.051000,24,52,47.5,47.5,1.0,1.0,0.377718,0.37725,0.39738799999999996,0.394425,0.35804800000000003,0.359625,0.0,0.0,478069.34,477468.6,2.0940632e-06,2.094404e-06,0.0,0.0,0.136525,0.13960499999999998,0.0,0.0,0.0,0.0,0.521485,0.524845,1265677.6,1265684.0,0.292921,0.297935,0.37065,0.37405,0.462637,0.464645,0.507176,0.511655,0.0,0.0,0.0,0.0,0.052682,0.053945,13.349,13.25,18.916,19.0,0.0,0.0,0.0,0.0,nan,nan,0.7910611,0.791224,0.0,0.0,0.9050809428938645,0.9105430000000001,0.0,0.0,30.0,30.0,0.417356,0.41979500000000003,0.443907,0.446805,0.390804,0.39032500000000003,0.186511,0.21227000000000001,0.610178,0.637975,1599977.6,1599608.0,0.315074,0.316475,0.407288,0.409365,0.538357,0.53737,0.5937979999999999,0.62081,0.071112,0.07125000000000001,0.7366666,0.733333,0.8910342666291725,0.9191276191585566,0.001953125,0.001953125
STATIC,random,100000,28571,256,32,7,0.500000,1050,1700,0.212000,0.212000,0.462857,0.291429,0.199000,0.300000,4,0.869430,0.051000,6,52,47.5,47.5,1.0,1.0,0.484663,0.484615,0.508089,0.508065,0.461238,0.46116,0.0,0.0,1227488.7,1227367.5,8.1531566e-07,8.1475585e-07,0.0,0.0,0.147801,0.13121,0.0,0.0,0.0,0.0,0.63816,0.60895,2532660.8,2532656.0,0.380291,0.37431000000000003,0.47568299999999997,0.481125,0.579526,0.57136,0.623482,0.59943,0.0,0.0,0.0,0.0,0.06274,0.05969,13.886,14.02,21.1,21.0,0.0,0.0,0.0,0.0,nan,nan,0.7917139,0.7920054999999999,0.0,0.0,0.8603140676400496,0.8884525000000001,0.0,0.0,30.0,30.0,0.563714,0.57157,0.597931,0.60629,0.5295,0.530815,0.239175,0.2167,0.798727,0.77423,3198965.6,3197792.0,0.418095,0.42347,0.541505,0.5383100000000001,0.717342,0.71782,0.780681,0.7526550000000001,0.091641,0.08565500000000001,0.8566667,0.8166665,0.8407315001367804,0.8798966351433187,0.001953125,0.001953125
STATIC,random,1000000,285714,256,32,11,0.500000,1050,1700,0.212000,0.212000,0.462857,0.291429,0.199000,0.300000,4,0.869430,0.051000,3,52,47.5,47.5,1.0,1.0,0.8429989999999999,0.8263499999999999,0.853397,0.832755,0.8326,0.8199449999999999,0.0,0.0,21356208.0,20934460.0,4.6972625e-08,4.7770555e-08,0.0,0.0,0.075336,0.049505,0.0,0.0,0.0,0.0,0.929937,0.87815,25333627.2,25333684.0,0.799435,0.792195,0.842551,0.827715,0.88108,0.84895,0.917887,0.869405,0.0,0.0,0.0,0.0,0.027854,0.025065,17.595,17.509999999999998,29.0,29.0,0.0,0.0,0.0,0.0,nan,nan,0.7917899,0.7917755,0.0,0.0,0.8668019330962888,0.8661955,0.0,0.0,30.0,30.0,0.972074,0.95245,0.982631,0.95901,0.961517,0.94589,0.077318,0.07239999999999999,1.056227,1.04474,31995390.4,31995792.0,0.922613,0.919205,0.969841,0.951425,1.017471,0.998095,1.047158,1.0311400000000002,0.028272,0.02514,1.0,1.0,0.8584375118351696,0.8751663543574081,0.001953125,0.001953125
STATIC,random,250000,71428,256,32,9,0.500000,1050,1700,0.212000,0.212000,0.462857,0.291429,0.199000,0.300000,4,0.869430,0.051000,3,52,47.5,47.5,1.0,1.0,0.8652340000000001,0.8814200000000001,0.90572,0.920445,0.824747,0.8413550000000001,0.0,0.0,5480177.0,5582630.0,1.8485874e-07,1.7912865000000002e-07,0.0,0.0,0.247299,0.20203500000000002,0.0,0.0,0.0,0.0,1.105957,1.085305,6333764.0,6333724.0,0.686758,0.715255,0.845531,0.855555,1.046177,1.0417049999999999,1.09283,1.07775,0.0,0.0,0.0,0.0,0.10843699999999999,0.10027,15.328,15.135,24.9,24.5,0.0,0.0,0.0,0.0,nan,nan,0.7919122,0.7920609999999999,0.0,0.0,0.8317911954565643,0.8218799999999999,0.0,0.0,30.0,30.0,1.04168,1.0706799999999999,1.0950600000000001,1.11359,0.9882960000000001,1.019655,0.311176,0.33619,1.355959,1.36957,7998068.8,7996572.0,0.798326,0.815755,1.027437,1.064645,1.283062,1.2741500000000001,1.338612,1.356365,0.142974,0.14479999999999998,0.9766667,0.9833335000000001,0.8148622975114608,0.8487200934016679,0.001953125,0.001953125
STATIC,random,500000,142857,256,32,9,0.500000,1050,1700,0.212000,0.212000,0.462857,0.291429,0.199000,0.300000,4,0.869430,0.051000,5,52,47.5,47.5,1.0,1.0,0.929661,0.92622,0.951604,0.945735,0.90772,0.9067149999999999,0.0,0.0,11769568.0,11726030.0,8.5081964e-08,8.5281705e-08,0.0,0.0,0.13319,0.117295,0.0,0.0,0.0,0.0,1.079973,1.0768499999999999,12660048.8,12659984.0,0.820596,0.82023,0.928975,0.928875,1.011992,0.99668,1.062165,1.055455,0.0,0.0,0.0,0.0,0.058766,0.054935,15.688,15.52,25.5,25.0,0.0,0.0,0.0,0.0,nan,nan,0.7914505,0.791491,0.0,0.0,0.8422295059239857,0.844882,0.0,0.0,30.0,30.0,1.10404,1.09778,1.132306,1.12479,1.075776,1.07077,0.16789,0.163115,1.288124,1.25766,15996012.0,15995252.0,0.956579,0.9523349999999999,1.103668,1.09552,1.217166,1.20645,1.271559,1.250025,0.075706,0.07810500000000001,0.9666667,0.966667,0.8293367766786195,0.8551222351693519,0.001953125,0.001953125
STATIC,random,50000,14285,256,32,6,0.500000,1050,1700,0.212000,0.212000,0.462857,0.291429,0.199000,0.300000,4,0.869430,0.051000,4,52,47.5,47.5,1.0,1.0,0.371922,0.380895,0.392402,0.399495,0.35143800000000003,0.36134,0.0,0.0,471301.97,482670.75,2.1296582e-06,2.072153e-06,0.0,0.0,0.117434,0.11521,0.0,0.0,0.0,0.0,0.49716899999999997,0.501085,1267210.4,1267212.0,0.284342,0.2843,0.369185,0.378325,0.455643,0.449635,0.48662,0.48865,0.0,0.0,0.0,0.0,0.05486,0.054755,13.341,13.165,20.2,20.0,0.0,0.0,0.0,0.0,nan,nan,0.7920191,0.792169,0.0,0.0,0.8688156553473032,0.868691,0.0,0.0,30.0,30.0,0.42834099999999997,0.429555,0.455431,0.453375,0.401252,0.40627,0.167413,0.14022,0.597328,0.5952649999999999,1599977.6,1599608.0,0.321339,0.329115,0.417679,0.41925,0.547734,0.53688,0.585091,0.58041,0.072555,0.07017999999999999,0.8299999,0.833333,0.8533003498242869,0.8843309608703195,0.001953125,0.001953125
STATIC,sequential,100000,28571,256,16,5,0.500000,1050,1700,0.212000,0.212000,0.462857,0.291429,0.199000,0.300000,4,0.869430,0.051000,16,52,47.5,47.5,1.0,1.0,0.082588,0.08174999999999999,0.086722,0.086255,0.078455,0.077515,0.0,0.0,204892.91999999998,202822.05,4.8930566e-06,4.9304495e-06,0.0,0.0,0.026588999999999998,0.027700000000000002,0.0,0.0,0.0,0.0,0.109322,0.110405,2480920.0,2480916.0,0.069677,0.06919,0.080927,0.08060500000000001,0.101979,0.10404,0.107516,0.109045,0.0,0.0,0.0,0.0,0.011074,0.011235,14.813,14.67,23.8,24.0,0.0,0.0,0.0,0.0,nan,nan,0.7755395,0.7758165,0.0,0.0,0.7837781815510019,0.7734540000000001,0.0,0.0,30.0,30.0,0.105559,0.104275,0.111333,0.110555,0.099787,0.09799,0.025606,0.027630000000000002,0.133651,0.13025,3198965.6,3197792.0,0.085011,0.08285000000000001,0.105984,0.10716500000000001,0.126187,0.126255,0.131589,0.12970500000000001,0.015460999999999999,0.01603,0.9633334,0.966667,0.7602835199595617,0.8072728431424421,0.001953125,0.001953125
STATIC,sequential,1000000,285714,256,16,8,0.500000,1050,1700,0.212000,0.212000,0.462857,0.291429,0.199000,0.300000,4,0.869430,0.051000,24,52,47.5,47.5,1.0,1.0,0.100147,0.09941,0.104189,0.10368,0.096103,0.094995,0.0,0.0,2482922.8,2464663.5,4.0364065e-07,4.0583664999999996e-07,0.0,0.0,0.025436,0.028045,0.0,0.0,0.0,0.0,0.126046,0.127395,24793040.8,24792988.0,0.085255,0.08579,0.098755,0.09748,0.11825,0.11723,0.124192,0.12623,0.0,0.0,0.0,0.0,0.010827,0.01125,16.848,16.950000000000003,27.4,27.0,0.0,0.0,0.0,0.0,nan,nan,0.7748943,0.7748809999999999,0.0,0.0,0.8593772183720173,0.8405975,0.0,0.0,30.0,30.0,0.11670900000000001,0.116785,0.12202,0.12157,0.111393,0.11175,0.031685,0.02503,0.148819,0.14243,31995390.4,31995792.0,0.094891,0.09484999999999999,0.114745,0.114695,0.138535,0.138025,0.146433,0.14185999999999999,0.014227,0.01369,0.8300001,0.866667,0.8189653120046494,0.8997891247393852,0.001953125,0.001953125
STATIC,sequential,250000,71428,256,16,6,0.500000,1050,1700,0.212000,0.212000,0.462857,0.291429,0.199000,0.300000,4,0.869430,0.051000,24,52,47.5,47.5,1.0,1.0,0.089066,0.08899,0.093461,0.093405,0.084671,0.08369,0.0,0.0,552090.02,551618.3500000001,1.815205e-06,1.8134124999999999e-06,0.0,0.0,0.025342,0.021875,0.0,0.0,0.0,0.0,0.115495,0.110125,6198599.2,6198600.0,0.073232,0.073115,0.088061,0.086115,0.107171,0.10604,0.113403,0.10962,0.0,0.0,0.0,0.0,0.011771,0.011325,15.44,15.21,24.7,24.5,0.0,0.0,0.0,0.0,nan,nan,0.7750127,0.7751545,0.0,0.0,0.8126879103196891,0.805663,0.0,0.0,30.0,30.0,0.109739,0.10994,0.116052,0.11604,0.103425,0.10292000000000001,0.033007,0.031265,0.144402,0.144395,7998068.8,7996572.0,0.087348,0.087655,0.108338,0.108175,0.13235,0.132155,0.141346,0.141315,0.01691,0.016345,0.89,0.866667,0.7780639472017917,0.8473118734375865,0.001953125,0.001953125
STATIC,sequential,500000,142857,256,12,7,0.500000,1050,1700,0.212000,0.212000,0.462857,0.291429,0.199000,0.300000,4,0.869430,0.051000,16,52,47.5,47.5,1.0,1.0,0.102185,0.102495,0.106979,0.106755,0.097389,0.09816,0.0,0.0,1260562.5,1264371.0,7.9564732e-07,7.909432e-07,0.0,0.0,0.029346,0.023434999999999997,0.0,0.0,0.0,0.0,0.132424,0.12850499999999998,12336372.8,12336348.0,0.085495,0.08561,0.100595,0.10192999999999999,0.122326,0.12245500000000001,0.12994,0.127725,0.0,0.0,0.0,0.0,0.012845,0.012115,20.246,20.055,40.8,41.0,0.0,0.0,0.0,0.0,nan,nan,0.7712157,0.771251,0.0,0.0,0.8907474526131279,0.8619885,0.0,0.0,30.0,30.0,0.114782,0.11488999999999999,0.120745,0.12073500000000001,0.10882,0.108565,0.027415000000000002,0.025475,0.145615,0.14327,15996012.0,15995252.0,0.090696,0.090725,0.116021,0.11410000000000001,0.136888,0.136745,0.143435,0.14153,0.015974,0.015495000000000002,0.7833333,0.8,0.852900917580485,0.9285939876457708,0.001953125,0.001953125
STATIC,sequential,50000,14285,256,16,4,0.500000,1050,1700,0.212000,0.212000,0.462857,0.291429,0.199000,0.300000,4,0.869430,0.051000,24,52,47.5,47.5,1.0,1.0,0.075363,0.07479,0.07938100000000001,0.07962,0.071345,0.07108,0.0,0.0,93495.825,92783.85,1.07281661e-05,1.0778095e-05,0.0,0.0,0.030395000000000002,0.02402,0.0,0.0,0.0,0.0,0.108044,0.09875,1240589.6,1240596.0,0.064041,0.06359000000000001,0.073327,0.07236999999999999,0.091404,0.08945,0.103723,0.09842000000000001,0.0,0.0,0.0,0.0,0.01076,0.01009,13.889,13.95,21.9,22.0,0.0,0.0,0.0,0.0,nan,nan,0.7753809,0.77554,0.0,0.0,0.758087466719997,0.7351019999999999,0.0,0.0,30.0,30.0,0.099748,0.098935,0.106237,0.1057,0.09326,0.09217,0.038109,0.03027,0.142366,0.12812,1599977.6,1599608.0,0.07851,0.07849,0.099314,0.09831999999999999,0.122851,0.121635,0.137426,0.127015,0.017381,0.016565,0.9633335000000001,0.966667,0.7263107120735017,0.7898642213664924,0.001953125,0.001953125
STATIC,zipfian,100000,28571,256,32,5,0.500000,1050,1700,0.212000,0.212000,0.462857,0.291429,0.199000,0.300000,4,0.869430,0.051000,16,52,47.5,47.5,1.0,1.0,0.246224,0.2459,0.255359,0.25599,0.237088,0.23587,0.0,0.0,623184.57,622356.5,1.6055066e-06,1.6068345e-06,0.0,0.0,0.058901,0.052635,0.0,0.0,0.0,0.0,0.308466,0.30467500000000003,2530968.0,2530964.0,0.202238,0.20402,0.243384,0.243195,0.284202,0.285935,0.302286,0.298905,0.0,0.0,0.0,0.0,0.02447,0.02353,10.303,10.26,17.5,17.0,0.0,0.0,0.0,0.0,nan,nan,0.7911846,0.7914675,0.0,0.0,0.8370017753872215,0.825334,0.0,0.0,30.0,30.0,0.294356,0.29391,0.308233,0.307735,0.280481,0.28009,0.075766,0.059765,0.377271,0.36962,3198965.6,3197792.0,0.234385,0.23398,0.29387399999999997,0.29249,0.346768,0.34357000000000004,0.36963999999999997,0.36307500000000004,0.037166,0.0358,0.9066667,0.9,0.8181396874627669,0.8558638633116762,0.001953125,0.001953125
STATIC,zipfian,1000000,285714,256,24,8,0.500000,1050,1700,0.212000,0.212000,0.462857,0.291429,0.199000,0.300000,4,0.869430,0.051000,16,52,47.5,47.5,1.0,1.0,0.516578,0.514195,0.528375,0.52536,0.504781,0.5016050000000001,0.0,0.0,12938896.0,12879255.0,7.7343045e-08,7.7644845e-08,0.0,0.0,0.071679,0.06253,0.0,0.0,0.0,0.0,0.59234,0.5819300000000001,25047397.6,25047336.0,0.453963,0.449535,0.514845,0.50943,0.568515,0.5585450000000001,0.586523,0.5759350000000001,0.0,0.0,0.0,0.0,0.031598,0.03175,12.201,12.225000000000001,26.3,26.0,0.0,0.0,0.0,0.0,nan,nan,0.782844,0.7828295000000001,0.0,0.0,0.8950313371848942,0.8946510000000001,0.0,0.0,30.0,30.0,0.577165,0.57762,0.591485,0.593085,0.562844,0.56215,0.088894,0.09258,0.6706799999999999,0.6793549999999999,31995390.4,31995792.0,0.502722,0.5025850000000001,0.5748219999999999,0.57306,0.639448,0.6410750000000001,0.663715,0.67357,0.038356,0.041435,0.9,0.8999999999999999,0.8834399664287029,0.9066227079410856,0.001953125,0.001953125
STATIC,zipfian,250000,71428,256,32,6,0.500000,1050,1700,0.212000,0.212000,0.462857,0.291429,0.199000,0.300000,4,0.869430,0.051000,16,52,47.5,47.5,1.0,1.0,0.320357,0.31318,0.333857,0.32514,0.306856,0.30122499999999997,0.0,0.0,2026172.5,1980787.0,4.9479862e-07,5.048601e-07,0.0,0.0,0.097994,0.06978999999999999,0.0,0.0,0.0,0.0,0.428179,0.38169,6324744.8,6324736.0,0.265924,0.262035,0.316213,0.30918,0.373724,0.36774,0.414205,0.380895,0.0,0.0,0.0,0.0,0.036156,0.02815,10.63,10.59,18.9,19.0,0.0,0.0,0.0,0.0,nan,nan,0.7907846000000001,0.790926,0.0,0.0,0.8068759519005054,0.799972,0.0,0.0,30.0,30.0,0.397127,0.39297000000000004,0.414363,0.41037,0.379892,0.37557,0.100408,0.107915,0.505331,0.503625,7998068.8,7996572.0,0.317629,0.31250500000000003,0.395312,0.38925,0.464472,0.455275,0.495722,0.49861,0.046164,0.04575,0.9766667,0.9833335000000001,0.7913324365338327,0.8224194672671782,0.001953125,0.001953125
STATIC,zipfian,500000,142857,256,32,7,0.500000,1050,1700,0.212000,0.212000,0.462857,0.291429,0.199000,0.300000,4,0.869430,0.051000,16,52,47.5,47.5,1.0,1.0,0.407551,0.40242,0.41935300000000003,0.41596,0.395748,0.391245,0.0,0.0,5155112.2,5090137.0,1.9416079e-07,1.9645889999999998e-07,0.0,0.0,0.070135,0.058135000000000006,0.0,0.0,0.0,0.0,0.484934,0.47501,12649012.8,12648988.0,0.352345,0.34919,0.40762,0.403775,0.456025,0.46104,0.477752,0.47145000000000004,0.0,0.0,0.0,0.0,0.031612,0.0305,10.865,10.855,19.9,20.0,0.0,0.0,0.0,0.0,nan,nan,0.7907605,0.7907964999999999,0.0,0.0,0.8106432141142579,0.8098645,0.0,0.0,30.0,30.0,0.503197,0.503455,0.519067,0.519825,0.48733,0.487085,0.083643,0.08338,0.590545,0.59675,15996012.0,15995252.0,0.419694,0.42325999999999997,0.502203,0.499745,0.569775,0.57098,0.585845,0.59116,0.042499999999999996,0.039995,0.9766667,1.0,0.7905450047221707,0.8307414235063451,0.001953125,0.001953125
STATIC,zipfian,50000,14285,256,32,4,0.500000,1050,1700,0.212000,0.212000,0.462857,0.291429,0.199000,0.300000,4,0.869430,0.051000,16,52,47.5,47.5,1.0,1.0,0.20488,0.20477,0.216417,0.213115,0.193344,0.19404,0.0,0.0,259334.83,259189.65,3.8849289e-06,3.858186e-06,0.0,0.0,0.087224,0.046689999999999995,0.0,0.0,0.0,0.0,0.303969,0.25266500000000003,1265788.0,1265796.0,0.164744,0.16183999999999998,0.20195,0.20194499999999999,0.244896,0.240975,0.289175,0.24817,0.0,0.0,0.0,0.0,0.030900999999999998,0.0235,10.153,10.125,16.8,17.0,0.0,0.0,0.0,0.0,nan,nan,0.7911301,0.791289,0.0,0.0,0.8356829687048608,0.8179675,0.0,0.0,30.0,30.0,0.245483,0.252645,0.259136,0.26307,0.231831,0.239315,0.076477,0.061245,0.329028,0.302865,1599977.6,1599608.0,0.187331,0.194145,0.246967,0.255385,0.302107,0.296665,0.323448,0.300825,0.036568,0.038565,0.9233333,0.933333,0.8049442478395215,0.8664216895702002,0.001953125,0.001953125
